Date,Home,Away,Home Score,Away Score,Open 1,Open X,Open 2,Close 1,Close X,Close 2,1X2 Book,Open AH,Home Open AH Odds,Away Open AH Odds,Close AH,Home Close AH Odds,Away Close AH Odds,AH Book,Open OU,Over Open OU Odds,Under Open OU Odds,Close OU,Over Close OU Odds,Under Close OU Odds,OU Book,url
2012-08-18,Fleetwood Town,Torquay United,0,0,1.9,3.4,3.6,1.8,3.5,4.5,Bet365,0.25,1.78,2.1,0.5,1.75,2.13,Bet365,2.5,1.95,1.9,2.5,1.95,1.9,Bet365,//www.nowgoal5.com/oddscomp/717522
2012-08-18,Rotherham United,Burton Albion,3,0,1.66,3.75,4.33,1.57,4.0,5.5,Bet365,0.75,1.88,1.98,0.75,1.7,2.2,Bet365,2.5,1.8,2.05,2.5,1.8,2.05,Bet365,//www.nowgoal5.com/oddscomp/717526
2012-08-18,Exeter City,Morecambe,0,3,1.83,3.5,3.75,2.0,3.4,3.6,Bet365,0.75,2.2,1.7,0.5,2.05,1.8,Bet365,2.5,1.95,1.9,2.5,1.88,1.98,Bet365,//www.nowgoal5.com/oddscomp/717525
2012-08-18,Cheltenham Town,Dagenham   Redbridge,2,0,1.72,3.5,4.33,1.83,3.5,4.33,Bet365,0.75,2.1,1.78,0.75,2.1,1.78,Bet365,2.5,1.95,1.9,2.5,2.0,1.85,Bet365,//www.nowgoal5.com/oddscomp/717523
2012-08-18,Gillingham,Bradford City,3,1,2.0,3.4,3.4,2.0,3.3,3.75,Bet365,0.5,2.05,1.8,0.5,2.05,1.8,Bet365,2.5,1.95,1.9,2.5,1.95,1.9,Bet365,//www.nowgoal5.com/oddscomp/717521
2012-08-18,Plymouth Argyle,Aldershot Town,0,2,2.3,3.25,2.87,2.5,3.2,2.8,Bet365,0.25,2.0,1.85,0.0,1.88,1.98,Bet365,2.25,1.95,1.9,2.25,1.95,1.9,Bet365,//www.nowgoal5.com/oddscomp/717524
2012-08-18,York City,Wycombe Wanderers,1,3,2.6,3.25,2.5,2.25,3.25,3.2,Bet365,0.0,1.88,1.98,0.0,1.55,2.5,Bet365,2.5,1.98,1.88,2.5,1.95,1.9,Bet365,//www.nowgoal5.com/oddscomp/717519
2012-08-18,Port Vale,Barnet,3,0,1.83,3.5,3.75,1.83,3.6,4.2,Bet365,0.5,1.85,2.0,0.5,1.83,2.03,Bet365,2.5,1.9,1.95,2.5,1.88,1.98,Bet365,//www.nowgoal5.com/oddscomp/717518
2012-08-18,AFC Wimbledon,Chesterfield,1,0,2.9,3.4,2.2,2.6,3.3,2.62,Bet365,-0.25,1.85,2.0,0.0,1.85,2.0,Bet365,2.75,2.05,1.8,2.75,1.98,1.88,Bet365,//www.nowgoal5.com/oddscomp/717517
2012-08-18,Rochdale,Northampton Town,0,0,2.1,3.4,3.1,2.0,3.4,3.75,Bet365,0.5,2.13,1.75,0.25,1.8,2.05,Bet365,2.5,1.9,1.95,2.5,1.8,2.05,Bet365,//www.nowgoal5.com/oddscomp/717520
2012-08-18,Bristol Rovers,Oxford United,0,2,2.3,3.25,2.87,2.5,3.25,2.8,Bet365,0.25,2.0,1.85,0.25,2.13,1.75,Bet365,2.5,2.05,1.8,2.5,2.1,1.78,Bet365,//www.nowgoal5.com/oddscomp/717516
2012-08-18,Southend United,Accrington Stanley,0,1,1.72,3.4,4.5,1.8,3.5,4.5,Bet365,0.75,2.05,1.8,0.75,1.95,1.9,Bet365,2.5,1.98,1.88,2.5,1.95,1.9,Bet365,//www.nowgoal5.com/oddscomp/717515
2012-08-21,Barnet,Bristol Rovers,1,1,2.75,3.4,2.3,2.87,3.4,2.37,Bet365,0.0,1.93,1.93,0.0,2.13,1.75,Bet365,2.75,2.13,1.75,2.75,2.03,1.83,Bet365,//www.nowgoal5.com/oddscomp/717532
2012-08-21,Bradford City,Fleetwood Town,1,0,2.4,3.4,2.6,2.7,3.4,2.5,Bet365,0.0,1.95,1.9,0.0,1.95,1.9,Bet365,2.75,2.1,1.78,2.75,2.4,1.6,Bet365,//www.nowgoal5.com/oddscomp/717538
2012-08-21,Aldershot Town,Exeter City,1,2,2.25,3.4,2.8,2.1,3.2,3.6,Bet365,0.25,1.7,2.2,0.25,1.83,2.03,Bet365,2.25,1.88,1.98,2.25,1.88,1.98,Bet365,//www.nowgoal5.com/oddscomp/717537
2012-08-21,Morecambe,York City,2,2,2.0,3.25,3.5,2.37,3.25,3.0,Bet365,0.5,2.2,1.7,0.0,1.65,2.3,Bet365,2.5,1.9,1.95,2.5,2.2,1.7,Bet365,//www.nowgoal5.com/oddscomp/717536
2012-08-21,Burton Albion,AFC Wimbledon,6,2,2.3,3.4,3.0,2.4,3.3,2.87,Bet365,0.0,1.95,1.9,0.0,1.78,2.1,Bet365,2.75,2.05,1.8,2.75,2.0,1.85,Bet365,//www.nowgoal5.com/oddscomp/717535
2012-08-21,Torquay United,Cheltenham Town,2,2,2.1,3.25,3.25,2.5,3.2,2.8,Bet365,0.25,1.78,2.1,0.25,2.25,1.68,Bet365,2.5,1.98,1.88,2.5,1.98,1.88,Bet365,//www.nowgoal5.com/oddscomp/717534
2012-08-21,Dagenham   Redbridge,Plymouth Argyle,0,0,2.4,3.4,2.6,2.25,3.4,3.1,Bet365,0.25,1.9,1.95,0.25,1.9,1.95,Bet365,2.25,1.83,2.03,2.25,1.83,2.03,Bet365,//www.nowgoal5.com/oddscomp/717533
2012-08-21,Oxford United,Southend United,2,0,2.0,3.3,3.4,2.37,3.2,3.0,Bet365,0.25,1.93,1.93,0.25,1.88,1.98,Bet365,2.5,2.1,1.78,2.5,2.15,1.73,Bet365,//www.nowgoal5.com/oddscomp/717531
2012-08-21,Wycombe Wanderers,Gillingham,0,1,2.25,3.25,2.9,2.6,3.25,2.7,Bet365,0.25,2.03,1.83,0.0,1.93,1.93,Bet365,2.75,2.1,1.78,2.75,2.0,1.85,Bet365,//www.nowgoal5.com/oddscomp/717530
2012-08-21,Chesterfield,Rochdale,1,1,1.8,3.4,4.0,1.95,3.5,3.75,Bet365,0.5,2.05,1.8,0.5,1.98,1.88,Bet365,2.5,1.9,1.95,2.5,1.9,1.95,Bet365,//www.nowgoal5.com/oddscomp/717529
2012-08-21,Accrington Stanley,Port Vale,2,0,2.25,3.25,2.9,2.6,3.25,2.7,Bet365,0.0,1.8,2.05,0.0,1.95,1.9,Bet365,2.75,2.1,1.78,2.5,2.03,1.83,Bet365,//www.nowgoal5.com/oddscomp/717528
2012-08-21,Northampton Town,Rotherham United,2,1,2.8,3.4,2.25,3.1,3.25,2.3,Bet365,-0.25,1.88,1.98,-0.25,1.85,2.0,Bet365,2.5,1.93,1.93,2.5,1.9,1.95,Bet365,//www.nowgoal5.com/oddscomp/717527
2012-08-25,Bradford City,AFC Wimbledon,5,1,1.9,3.3,3.75,1.65,3.8,5.0,Bet365,0.5,2.15,1.73,0.5,1.7,2.2,Bet365,2.5,1.83,2.03,2.5,1.8,2.05,Bet365,//www.nowgoal5.com/oddscomp/717550
2012-08-25,Dagenham   Redbridge,Gillingham,1,2,2.75,3.25,2.37,3.3,3.4,2.15,Bet365,-0.25,1.8,2.05,-0.25,1.95,1.9,Bet365,2.75,2.05,1.8,2.75,2.1,1.78,Bet365,//www.nowgoal5.com/oddscomp/717548
2012-08-25,Morecambe,Port Vale,1,3,2.3,3.25,2.87,2.5,3.3,2.75,Bet365,0.25,1.98,1.88,0.25,2.05,1.8,Bet365,2.5,1.88,1.98,2.5,2.03,1.83,Bet365,//www.nowgoal5.com/oddscomp/717547
2012-08-25,Chesterfield,Rotherham United,1,1,2.5,3.4,2.5,2.5,3.3,2.75,Bet365,0.0,1.83,2.03,0.0,1.95,1.9,Bet365,2.5,1.9,1.95,2.5,1.88,1.98,Bet365,//www.nowgoal5.com/oddscomp/717546
2012-08-25,Barnet,York City,1,3,2.4,3.4,2.62,2.75,3.3,2.5,Bet365,0.0,1.9,1.95,0.0,2.03,1.83,Bet365,2.5,1.98,1.88,2.5,1.95,1.9,Bet365,//www.nowgoal5.com/oddscomp/717545
2012-08-25,Oxford United,Plymouth Argyle,2,1,1.8,3.5,4.0,1.66,3.75,5.0,Bet365,0.5,1.8,2.05,0.75,1.95,1.9,Bet365,2.5,2.05,1.8,2.5,2.2,1.7,Bet365,//www.nowgoal5.com/oddscomp/717544
2012-08-25,Aldershot Town,Cheltenham Town,0,1,2.2,3.3,3.0,2.62,3.2,2.7,Bet365,0.25,2.05,1.8,0.0,1.93,1.93,Bet365,2.25,1.88,1.98,2.25,1.88,1.98,Bet365,//www.nowgoal5.com/oddscomp/717543
2012-08-25,Accrington Stanley,Exeter City,0,3,2.2,3.3,3.0,2.5,3.2,2.8,Bet365,0.25,2.0,1.85,0.25,2.05,1.8,Bet365,2.5,1.83,2.03,2.5,1.93,1.93,Bet365,//www.nowgoal5.com/oddscomp/717542
2012-08-25,Torquay United,Rochdale,4,2,1.9,3.3,3.75,2.25,3.2,3.25,Bet365,0.25,1.8,2.05,0.25,1.98,1.88,Bet365,2.5,2.03,1.83,2.5,2.03,1.83,Bet365,//www.nowgoal5.com/oddscomp/717541
2012-08-25,Northampton Town,Southend United,3,3,2.2,3.3,3.0,2.4,3.3,2.9,Bet365,0.25,2.15,1.73,0.25,2.15,1.73,Bet365,2.5,1.83,2.03,2.5,2.0,1.85,Bet365,//www.nowgoal5.com/oddscomp/717540
2012-08-25,Burton Albion,Fleetwood Town,0,1,3.0,3.3,2.2,3.5,3.6,2.0,Bet365,-0.25,1.8,2.05,-0.25,2.1,1.78,Bet365,2.5,1.9,1.95,2.5,1.9,1.95,Bet365,//www.nowgoal5.com/oddscomp/717539
2012-09-01,Cheltenham Town,Accrington Stanley,0,3,1.72,3.5,4.33,1.72,3.5,5.0,Bet365,0.75,2.05,1.8,0.75,2.03,1.83,Bet365,2.5,2.1,1.78,2.5,1.9,1.95,Bet365,//www.nowgoal5.com/oddscomp/717562
2012-09-01,Rotherham United,Bradford City,4,0,1.9,3.3,3.75,1.9,3.4,4.0,Bet365,0.5,1.95,1.9,0.5,2.1,1.78,Bet365,2.5,2.05,1.8,2.5,2.03,1.83,Bet365,//www.nowgoal5.com/oddscomp/717561
2012-09-01,York City,Oxford United,3,1,2.75,3.25,2.37,2.5,3.2,2.87,Bet365,-0.25,1.78,2.1,0.0,1.93,1.93,Bet365,2.5,2.1,1.78,2.25,2.0,1.85,Bet365,//www.nowgoal5.com/oddscomp/717560
2012-09-01,Plymouth Argyle,Northampton Town,3,2,2.5,3.25,2.6,2.4,3.2,3.0,Bet365,0.0,1.9,1.95,0.25,2.0,1.85,Bet365,2.25,1.88,1.98,2.25,1.83,2.03,Bet365,//www.nowgoal5.com/oddscomp/717559
2012-09-01,Southend United,Wycombe Wanderers,1,0,2.1,3.25,3.25,1.9,3.4,4.0,Bet365,0.25,1.8,2.05,0.5,1.83,2.03,Bet365,2.5,2.05,1.8,2.5,2.03,1.83,Bet365,//www.nowgoal5.com/oddscomp/717558
2012-09-01,Rochdale,Barnet,2,0,1.72,3.5,4.33,1.61,3.75,5.5,Bet365,0.75,2.03,1.83,0.75,1.9,1.95,Bet365,2.5,1.85,2.0,2.5,1.8,2.05,Bet365,//www.nowgoal5.com/oddscomp/717557
2012-09-01,Gillingham,Chesterfield,1,1,2.0,3.25,3.5,2.0,3.5,3.6,Bet365,0.5,1.95,1.9,0.5,2.0,1.85,Bet365,2.5,2.1,1.78,2.5,1.85,2.0,Bet365,//www.nowgoal5.com/oddscomp/717556
2012-09-01,Port Vale,Torquay United,1,1,2.5,3.25,2.6,2.1,3.2,3.6,Bet365,0.0,1.78,2.1,0.25,1.75,2.13,Bet365,2.5,2.13,1.75,2.5,1.9,1.95,Bet365,//www.nowgoal5.com/oddscomp/717555
2012-09-01,AFC Wimbledon,Dagenham   Redbridge,2,2,2.3,3.4,2.75,2.7,3.25,2.6,Bet365,0.25,1.95,1.9,0.0,1.98,1.88,Bet365,2.5,1.88,1.98,2.5,1.85,2.0,Bet365,//www.nowgoal5.com/oddscomp/717554
2012-09-01,Fleetwood Town,Aldershot Town,4,1,1.66,3.4,5.0,1.8,3.5,4.5,Bet365,0.75,2.05,1.8,0.75,2.1,1.78,Bet365,2.5,2.15,1.73,2.5,2.13,1.75,Bet365,//www.nowgoal5.com/oddscomp/717553
2012-09-01,Bristol Rovers,Morecambe,0,3,1.8,3.5,4.0,1.9,3.4,4.0,Bet365,0.5,2.05,1.8,0.5,2.03,1.83,Bet365,2.5,1.98,1.88,2.5,1.88,1.98,Bet365,//www.nowgoal5.com/oddscomp/717552
2012-09-01,Exeter City,Burton Albion,3,0,1.9,3.3,3.75,1.83,3.6,4.2,Bet365,0.5,1.88,1.98,0.5,1.83,2.03,Bet365,2.5,1.88,1.98,2.5,1.73,2.15,Bet365,//www.nowgoal5.com/oddscomp/717551
2012-09-08,Morecambe,Fleetwood Town,0,4,3.0,3.3,2.2,3.0,3.5,2.25,Bet365,-0.25,1.78,2.1,-0.25,1.85,2.0,Bet365,2.75,2.0,1.85,2.5,1.95,1.9,Bet365,//www.nowgoal5.com/oddscomp/717574
2012-09-08,Accrington Stanley,Bradford City,1,1,2.5,3.4,2.5,2.7,3.4,2.5,Bet365,0.0,1.78,2.1,0.0,2.05,1.8,Bet365,2.5,1.95,1.9,2.5,1.98,1.88,Bet365,//www.nowgoal5.com/oddscomp/717572
2012-09-08,Barnet,Gillingham,1,3,3.75,3.3,1.9,4.0,3.5,1.9,Bet365,-0.5,1.95,1.9,-0.5,1.95,1.9,Bet365,2.75,1.9,1.95,2.75,2.1,1.78,Bet365,//www.nowgoal5.com/oddscomp/717571
2012-09-08,Port Vale,Rotherham United,6,2,3.0,3.3,2.2,2.75,3.3,2.5,Bet365,0.0,1.9,1.95,0.0,1.98,1.88,Bet365,2.75,2.05,1.8,2.5,2.0,1.85,Bet365,//www.nowgoal5.com/oddscomp/717570
2012-09-08,Southend United,Dagenham   Redbridge,3,1,1.72,3.5,4.33,1.83,3.6,4.2,Bet365,0.75,2.03,1.83,0.75,2.2,1.7,Bet365,2.5,1.95,1.9,2.5,1.9,1.95,Bet365,//www.nowgoal5.com/oddscomp/717569
2012-09-08,Wycombe Wanderers,Cheltenham Town,1,1,2.3,3.4,2.75,2.7,3.4,2.5,Bet365,0.0,1.93,1.93,0.0,2.0,1.85,Bet365,2.5,1.88,1.98,2.5,1.85,2.0,Bet365,//www.nowgoal5.com/oddscomp/717568
2012-09-08,Northampton Town,AFC Wimbledon,2,0,1.66,3.4,5.0,1.72,3.75,4.5,Bet365,0.5,1.88,1.98,0.75,1.88,1.98,Bet365,2.75,1.9,1.95,2.75,1.73,2.15,Bet365,//www.nowgoal5.com/oddscomp/717573
2012-09-08,Bristol Rovers,Aldershot Town,2,2,2.0,3.25,3.5,2.37,3.25,3.0,Bet365,0.25,1.95,1.9,0.25,2.05,1.8,Bet365,2.5,1.95,1.9,2.5,1.98,1.88,Bet365,//www.nowgoal5.com/oddscomp/717566
2012-09-08,Oxford United,Exeter City,2,4,1.9,3.3,3.75,2.05,3.4,3.5,Bet365,0.5,2.03,1.83,0.5,2.03,1.83,Bet365,2.5,1.95,1.9,2.5,1.88,1.98,Bet365,//www.nowgoal5.com/oddscomp/717565
2012-09-08,Rochdale,Burton Albion,0,1,1.8,3.5,4.0,1.83,3.6,4.2,Bet365,0.5,1.78,2.1,0.5,1.88,1.98,Bet365,2.75,2.05,1.8,2.75,1.93,1.93,Bet365,//www.nowgoal5.com/oddscomp/717564
2012-09-08,Torquay United,Plymouth Argyle,0,0,1.83,3.4,4.0,2.0,3.4,3.75,Bet365,0.5,1.9,1.95,0.5,2.05,1.8,Bet365,2.5,2.0,1.85,2.5,1.98,1.88,Bet365,//www.nowgoal5.com/oddscomp/717563
2012-09-08,York City,Chesterfield,2,2,2.5,3.4,2.5,2.5,3.3,2.75,Bet365,0.0,1.73,2.15,0.0,1.8,2.05,Bet365,2.75,2.1,1.78,2.75,2.25,1.68,Bet365,//www.nowgoal5.com/oddscomp/717567
2012-09-15,Chesterfield,Wycombe Wanderers,3,1,1.9,3.3,3.75,1.8,3.5,4.5,Bet365,0.25,1.78,2.1,0.5,1.78,2.1,Bet365,2.5,1.98,1.88,2.5,1.85,2.0,Bet365,//www.nowgoal5.com/oddscomp/717586
2012-09-15,Dagenham   Redbridge,Accrington Stanley,1,1,2.4,3.4,2.62,2.37,3.25,3.0,Bet365,0.0,1.83,2.03,0.0,1.73,2.15,Bet365,2.5,2.03,1.83,2.5,2.0,1.85,Bet365,//www.nowgoal5.com/oddscomp/717585
2012-09-15,Rotherham United,Torquay United,1,0,1.83,3.4,4.0,1.9,3.6,3.75,Bet365,0.5,2.0,1.85,0.5,1.95,1.9,Bet365,2.5,1.95,1.9,2.5,1.73,2.15,Bet365,//www.nowgoal5.com/oddscomp/717584
2012-09-15,Cheltenham Town,Southend United,1,3,2.25,3.4,2.8,2.25,3.4,3.1,Bet365,0.25,1.98,1.88,0.25,1.95,1.9,Bet365,2.5,2.05,1.8,2.5,2.05,1.8,Bet365,//www.nowgoal5.com/oddscomp/717583
2012-09-15,Burton Albion,Oxford United,4,0,2.62,3.4,2.4,2.75,3.2,2.6,Bet365,-0.25,1.83,2.03,-0.25,1.7,2.2,Bet365,2.5,1.93,1.93,2.5,1.93,1.93,Bet365,//www.nowgoal5.com/oddscomp/717582
2012-09-15,Plymouth Argyle,Port Vale,1,3,2.6,3.25,2.5,2.8,3.4,2.4,Bet365,0.0,2.1,1.78,-0.25,1.78,2.1,Bet365,2.5,2.03,1.83,2.5,2.15,1.73,Bet365,//www.nowgoal5.com/oddscomp/717581
2012-09-15,Fleetwood Town,Northampton Town,1,0,1.72,3.5,4.33,1.61,4.0,5.0,Bet365,0.5,1.85,2.0,0.5,1.6,2.4,Bet365,2.75,2.03,1.83,2.75,1.98,1.88,Bet365,//www.nowgoal5.com/oddscomp/717579
2012-09-15,Exeter City,York City,1,1,1.9,3.3,3.75,2.1,3.4,3.4,Bet365,0.5,2.1,1.78,0.5,2.2,1.7,Bet365,2.5,1.9,1.95,2.5,1.9,1.95,Bet365,//www.nowgoal5.com/oddscomp/717578
2012-09-15,Gillingham,Bristol Rovers,4,0,1.8,3.5,4.0,1.61,4.0,5.0,Bet365,0.75,1.98,1.88,0.75,1.8,2.05,Bet365,2.75,1.95,1.9,2.75,1.85,2.0,Bet365,//www.nowgoal5.com/oddscomp/717577
2012-09-15,Bradford City,Barnet,3,0,1.5,3.8,6.0,1.5,4.1,6.5,Bet365,0.75,1.8,2.05,1.0,1.95,1.9,Bet365,2.5,1.83,2.03,2.5,1.83,2.03,Bet365,//www.nowgoal5.com/oddscomp/717576
2012-09-15,AFC Wimbledon,Rochdale,1,2,2.5,3.4,2.5,2.8,3.4,2.4,Bet365,0.0,1.98,1.88,-0.25,1.73,2.15,Bet365,2.75,2.0,1.85,2.75,1.85,2.0,Bet365,//www.nowgoal5.com/oddscomp/717575
2012-09-15,Aldershot Town,Morecambe,0,0,2.1,3.25,3.25,2.3,3.3,3.1,Bet365,0.25,1.98,1.88,0.25,1.9,1.95,Bet365,2.25,1.88,1.98,2.25,1.8,2.05,Bet365,//www.nowgoal5.com/oddscomp/717580
2012-09-18,Exeter City,Wycombe Wanderers,3,2,1.9,3.5,4.0,1.75,3.75,4.5,Bet365,0.5,1.85,2.0,0.75,2.03,1.83,Bet365,2.5,1.9,1.95,2.75,1.9,1.95,Bet365,//www.nowgoal5.com/oddscomp/717593
2012-09-18,Fleetwood Town,Port Vale,2,5,1.9,3.5,4.0,2.0,3.5,3.6,Bet365,0.25,1.78,2.1,0.5,2.1,1.78,Bet365,2.5,1.88,1.98,2.5,1.85,2.0,Bet365,//www.nowgoal5.com/oddscomp/717596
2012-09-18,Dagenham   Redbridge,Northampton Town,0,1,2.62,3.3,2.62,2.4,3.25,2.9,Bet365,0.0,1.8,2.05,0.25,2.0,1.85,Bet365,2.5,1.88,1.98,2.5,1.88,1.98,Bet365,//www.nowgoal5.com/oddscomp/717595
2012-09-18,AFC Wimbledon,Torquay United,0,1,3.1,3.4,2.25,3.4,3.4,2.1,Bet365,-0.25,1.83,2.03,-0.25,1.93,1.93,Bet365,2.5,1.83,2.03,2.5,1.83,2.03,Bet365,//www.nowgoal5.com/oddscomp/717594
2012-09-18,Aldershot Town,Barnet,1,0,1.72,3.5,5.0,1.8,3.25,5.0,Bet365,0.75,1.95,1.9,0.5,1.8,2.05,Bet365,2.5,2.03,1.83,2.5,1.95,1.9,Bet365,//www.nowgoal5.com/oddscomp/717592
2012-09-18,Cheltenham Town,Oxford United,2,1,2.37,3.25,3.0,2.25,3.2,3.25,Bet365,0.25,2.0,1.85,0.25,1.95,1.9,Bet365,2.25,1.88,1.98,2.25,1.88,1.98,Bet365,//www.nowgoal5.com/oddscomp/717597
2012-09-18,Plymouth Argyle,Bristol Rovers,1,1,2.5,3.3,2.8,2.37,3.25,3.0,Bet365,0.25,1.95,1.9,0.25,2.0,1.85,Bet365,2.5,2.03,1.83,2.5,2.0,1.85,Bet365,//www.nowgoal5.com/oddscomp/717590
2012-09-18,Gillingham,Southend United,1,0,2.0,3.4,3.75,1.9,3.6,3.8,Bet365,0.5,1.98,1.88,0.5,1.95,1.9,Bet365,2.5,1.83,2.03,2.75,2.0,1.85,Bet365,//www.nowgoal5.com/oddscomp/717589
2012-09-18,Chesterfield,Accrington Stanley,4,3,1.8,3.5,4.5,1.8,3.5,4.5,Bet365,0.5,1.88,1.98,0.5,1.83,2.03,Bet365,2.5,1.95,1.9,2.5,1.85,2.0,Bet365,//www.nowgoal5.com/oddscomp/717588
2012-09-18,Bradford City,Morecambe,3,1,1.83,3.5,4.33,1.9,3.5,3.9,Bet365,0.5,1.88,1.98,0.5,2.0,1.85,Bet365,2.5,1.88,1.98,2.5,1.93,1.93,Bet365,//www.nowgoal5.com/oddscomp/717587
2012-09-18,Rotherham United,Rochdale,2,3,1.72,3.8,4.5,1.66,3.75,5.0,Bet365,0.5,1.85,2.0,0.75,1.9,1.95,Bet365,2.5,1.98,1.88,2.5,1.85,2.0,Bet365,//www.nowgoal5.com/oddscomp/717591
2012-09-19,Burton Albion,York City,3,1,2.3,3.4,3.0,2.6,3.25,2.7,Bet365,0.0,1.78,2.1,0.0,1.9,1.95,Bet365,2.5,1.98,1.88,2.5,1.9,1.95,Bet365,//www.nowgoal5.com/oddscomp/717598
2012-09-22,Torquay United,Burton Albion,1,1,1.9,3.3,3.75,1.9,3.6,3.75,Bet365,0.5,1.9,1.95,0.5,1.95,1.9,Bet365,2.5,1.85,2.0,2.5,1.78,2.1,Bet365,//www.nowgoal5.com/oddscomp/717610
2012-09-22,Rochdale,Dagenham   Redbridge,2,2,1.9,3.3,3.75,1.9,3.6,3.8,Bet365,0.5,1.95,1.9,0.5,1.9,1.95,Bet365,2.5,1.9,1.95,2.5,1.9,1.95,Bet365,//www.nowgoal5.com/oddscomp/717608
2012-09-22,Southend United,Exeter City,2,1,2.1,3.25,3.25,2.0,3.6,3.5,Bet365,0.25,2.0,1.85,0.25,1.8,2.05,Bet365,2.5,1.9,1.95,2.5,1.85,2.0,Bet365,//www.nowgoal5.com/oddscomp/717607
2012-09-22,Northampton Town,Chesterfield,0,0,2.37,3.25,2.75,2.3,3.5,2.87,Bet365,0.0,1.9,1.95,0.0,1.78,2.1,Bet365,2.5,1.95,1.9,2.5,1.73,2.15,Bet365,//www.nowgoal5.com/oddscomp/717606
2012-09-22,York City,Cheltenham Town,0,0,2.2,3.3,3.0,2.3,3.4,3.0,Bet365,0.25,2.1,1.78,0.25,2.1,1.78,Bet365,2.5,1.88,1.98,2.5,1.85,2.0,Bet365,//www.nowgoal5.com/oddscomp/717605
2012-09-22,Morecambe,Plymouth Argyle,2,3,2.1,3.25,3.25,2.1,3.4,3.4,Bet365,0.25,1.88,1.98,0.25,1.73,2.15,Bet365,2.5,1.95,1.9,2.5,1.95,1.9,Bet365,//www.nowgoal5.com/oddscomp/717604
2012-09-22,Accrington Stanley,Aldershot Town,1,0,2.2,3.3,3.0,2.3,3.25,3.1,Bet365,0.25,1.85,2.0,0.25,2.0,1.85,Bet365,2.25,1.9,1.95,2.25,1.9,1.95,Bet365,//www.nowgoal5.com/oddscomp/717609
2012-09-22,Port Vale,Gillingham,0,2,2.37,3.25,2.75,2.1,3.5,3.25,Bet365,0.0,1.8,2.05,0.25,1.9,1.95,Bet365,2.5,1.8,2.05,2.5,1.73,2.15,Bet365,//www.nowgoal5.com/oddscomp/717602
2012-09-22,Oxford United,Bradford City,0,2,2.2,3.3,3.0,2.25,3.25,3.2,Bet365,0.25,2.0,1.85,0.25,1.98,1.88,Bet365,2.5,2.05,1.8,2.5,1.98,1.88,Bet365,//www.nowgoal5.com/oddscomp/717601
2012-09-22,Wycombe Wanderers,AFC Wimbledon,0,1,1.8,3.5,4.0,1.72,3.75,4.5,Bet365,0.5,1.9,1.95,0.5,1.78,2.1,Bet365,2.75,1.98,1.88,2.75,1.78,2.1,Bet365,//www.nowgoal5.com/oddscomp/717600
2012-09-22,Bristol Rovers,Fleetwood Town,0,0,3.25,3.25,2.1,2.87,3.5,2.3,Bet365,-0.25,2.1,1.78,-0.25,1.93,1.93,Bet365,2.5,1.9,1.95,2.5,1.75,2.13,Bet365,//www.nowgoal5.com/oddscomp/717599
2012-09-22,Barnet,Rotherham United,0,0,4.33,3.5,1.72,5.5,4.0,1.57,Bet365,-0.75,1.88,1.98,-0.75,2.03,1.83,Bet365,2.5,1.83,2.03,2.5,1.7,2.2,Bet365,//www.nowgoal5.com/oddscomp/717603
2012-09-28,Cheltenham Town,Morecambe,2,0,1.9,3.3,3.75,1.9,3.5,4.0,Bet365,0.5,2.03,1.83,0.5,2.0,1.85,Bet365,2.5,2.1,1.78,2.5,1.9,1.95,Bet365,//www.nowgoal5.com/oddscomp/717611
2012-09-29,Burton Albion,Northampton Town,3,3,2.3,3.4,2.75,2.2,3.4,3.2,Bet365,0.25,1.93,1.93,0.25,1.93,1.93,Bet365,2.5,1.88,1.98,2.5,1.75,2.13,Bet365,//www.nowgoal5.com/oddscomp/717622
2012-09-29,Chesterfield,Torquay United,1,1,2.1,3.3,3.2,2.1,3.4,3.4,Bet365,0.25,1.78,2.1,0.25,1.85,2.0,Bet365,2.5,2.05,1.8,2.5,1.8,2.05,Bet365,//www.nowgoal5.com/oddscomp/717621
2012-09-29,Plymouth Argyle,Southend United,1,1,2.75,3.25,2.37,2.7,3.2,2.6,Bet365,-0.25,1.85,2.0,0.0,2.03,1.83,Bet365,2.5,1.98,1.88,2.5,2.05,1.8,Bet365,//www.nowgoal5.com/oddscomp/717620
2012-09-29,Gillingham,Rochdale,1,2,1.66,3.75,4.5,1.7,4.0,4.33,Bet365,0.75,1.85,2.0,0.75,1.83,2.03,Bet365,2.75,2.1,1.78,2.75,1.88,1.98,Bet365,//www.nowgoal5.com/oddscomp/717619
2012-09-29,Fleetwood Town,Barnet,2,1,1.44,4.0,6.5,1.4,4.5,8.0,Bet365,1.25,2.03,1.83,1.25,1.93,1.93,Bet365,2.75,1.88,1.98,2.75,1.95,1.9,Bet365,//www.nowgoal5.com/oddscomp/717618
2012-09-29,Dagenham   Redbridge,Wycombe Wanderers,3,0,2.25,3.3,2.87,2.0,3.4,3.75,Bet365,0.25,1.93,1.93,0.25,1.7,2.2,Bet365,2.25,1.83,2.03,2.25,1.6,2.4,Bet365,//www.nowgoal5.com/oddscomp/717617
2012-09-29,Bradford City,Port Vale,0,1,2.3,3.25,2.87,2.25,3.25,3.2,Bet365,0.0,1.78,2.1,0.25,1.95,1.9,Bet365,2.5,2.03,1.83,2.5,1.9,1.95,Bet365,//www.nowgoal5.com/oddscomp/717615
2012-09-29,Rotherham United,Oxford United,3,1,1.83,3.4,4.0,1.83,3.5,4.33,Bet365,0.75,2.05,1.8,0.75,2.13,1.75,Bet365,2.5,2.05,1.8,2.5,1.75,2.13,Bet365,//www.nowgoal5.com/oddscomp/717614
2012-09-29,Exeter City,Bristol Rovers,1,2,2.0,3.3,3.5,1.9,3.6,3.75,Bet365,0.5,1.83,2.03,0.5,1.9,1.95,Bet365,2.5,1.9,1.95,2.5,1.78,2.1,Bet365,//www.nowgoal5.com/oddscomp/717613
2012-09-29,AFC Wimbledon,Accrington Stanley,1,2,2.4,3.4,2.6,3.0,3.25,2.37,Bet365,0.0,1.98,1.88,0.0,2.2,1.7,Bet365,2.5,1.85,2.0,2.5,1.93,1.93,Bet365,//www.nowgoal5.com/oddscomp/717612
2012-09-29,Aldershot Town,York City,0,2,2.2,3.25,3.0,2.62,3.25,2.62,Bet365,0.25,2.0,1.85,0.0,1.78,2.1,Bet365,2.5,2.1,1.78,2.5,2.3,1.65,Bet365,//www.nowgoal5.com/oddscomp/717616
2012-10-02,Barnet,Exeter City,1,2,2.9,3.3,2.25,3.5,3.6,2.0,Bet365,-0.25,1.93,1.93,-0.25,1.98,1.88,Bet365,2.75,1.95,1.9,2.75,2.0,1.85,Bet365,//www.nowgoal5.com/oddscomp/717631
2012-10-02,Wycombe Wanderers,Plymouth Argyle,1,1,2.25,3.3,2.9,2.37,3.4,2.87,Bet365,0.25,1.98,1.88,0.25,2.13,1.75,Bet365,2.5,2.05,1.8,2.5,2.0,1.85,Bet365,//www.nowgoal5.com/oddscomp/717629
2012-10-02,Port Vale,Dagenham   Redbridge,1,1,1.72,3.5,4.33,1.7,4.0,4.33,Bet365,0.75,1.83,2.03,0.75,2.0,1.85,Bet365,2.75,1.95,1.9,2.75,1.98,1.88,Bet365,//www.nowgoal5.com/oddscomp/717632
2012-10-02,Morecambe,Chesterfield,2,0,2.6,3.25,2.5,2.8,3.4,2.4,Bet365,-0.25,1.8,2.05,0.0,2.05,1.8,Bet365,2.5,1.95,1.9,2.5,1.88,1.98,Bet365,//www.nowgoal5.com/oddscomp/717630
2012-10-02,Torquay United,Aldershot Town,4,3,1.9,3.3,3.75,2.1,3.3,3.5,Bet365,0.5,1.85,2.0,0.25,1.83,2.03,Bet365,2.5,2.05,1.8,2.25,1.9,1.95,Bet365,//www.nowgoal5.com/oddscomp/717628
2012-10-02,Northampton Town,Gillingham,1,2,2.87,3.25,2.3,3.1,3.5,2.2,Bet365,-0.25,1.88,1.98,-0.25,1.93,1.93,Bet365,2.75,2.0,1.85,2.75,1.93,1.93,Bet365,//www.nowgoal5.com/oddscomp/717627
2012-10-02,Rochdale,Bradford City,0,0,2.5,3.25,2.6,2.8,3.3,2.5,Bet365,0.25,2.0,1.85,0.0,2.15,1.73,Bet365,2.5,1.95,1.9,2.5,1.9,1.95,Bet365,//www.nowgoal5.com/oddscomp/717626
2012-10-02,Oxford United,AFC Wimbledon,3,2,1.9,3.3,3.75,1.61,3.8,5.5,Bet365,0.5,1.8,2.05,0.75,1.93,1.93,Bet365,2.5,1.85,2.0,2.75,1.95,1.9,Bet365,//www.nowgoal5.com/oddscomp/717625
2012-10-02,York City,Fleetwood Town,0,2,2.75,3.25,2.37,2.62,3.3,2.6,Bet365,0.0,1.88,1.98,0.0,1.95,1.9,Bet365,2.5,1.85,2.0,2.5,1.95,1.9,Bet365,//www.nowgoal5.com/oddscomp/717624
2012-10-02,Southend United,Burton Albion,0,1,2.0,3.25,3.5,1.9,3.6,3.75,Bet365,0.5,1.88,1.98,0.5,2.03,1.83,Bet365,2.5,1.85,2.0,2.5,1.78,2.1,Bet365,//www.nowgoal5.com/oddscomp/717623
2012-10-03,Bristol Rovers,Cheltenham Town,0,1,2.5,3.25,2.6,2.5,3.2,2.87,Bet365,0.0,1.98,1.88,0.0,1.85,2.0,Bet365,2.5,2.05,1.8,2.5,2.0,1.85,Bet365,//www.nowgoal5.com/oddscomp/717634
2012-10-06,Morecambe,Burton Albion,0,0,2.5,3.4,2.5,2.3,3.5,2.87,Bet365,0.0,1.9,1.95,0.0,1.73,2.15,Bet365,2.75,2.1,1.78,2.75,2.0,1.85,Bet365,//www.nowgoal5.com/oddscomp/717646
2012-10-06,Wycombe Wanderers,Torquay United,2,1,2.75,3.25,2.37,2.7,3.4,2.5,Bet365,0.0,2.05,1.8,0.0,2.03,1.83,Bet365,2.25,1.88,1.98,2.25,1.7,2.2,Bet365,//www.nowgoal5.com/oddscomp/717645
2012-10-06,Accrington Stanley,Rochdale,2,3,2.5,3.25,2.6,2.37,3.5,2.8,Bet365,0.0,1.85,2.0,0.0,1.83,2.03,Bet365,2.5,1.93,1.93,2.5,1.83,2.03,Bet365,//www.nowgoal5.com/oddscomp/717644
2012-10-06,Aldershot Town,Chesterfield,0,1,2.5,3.25,2.6,2.6,3.25,2.7,Bet365,0.0,2.0,1.85,0.0,1.83,2.03,Bet365,2.25,1.88,1.98,2.25,1.85,2.0,Bet365,//www.nowgoal5.com/oddscomp/717643
2012-10-06,Southend United,Barnet,2,2,1.57,3.6,5.5,1.5,4.2,6.5,Bet365,1.0,1.83,2.03,1.0,1.9,1.95,Bet365,2.75,2.05,1.8,2.75,2.05,1.8,Bet365,//www.nowgoal5.com/oddscomp/717642
2012-10-06,Bristol Rovers,Northampton Town,3,1,2.3,3.4,2.75,2.1,3.4,3.4,Bet365,0.0,1.83,2.03,0.25,1.85,2.0,Bet365,2.5,1.85,2.0,2.5,1.83,2.03,Bet365,//www.nowgoal5.com/oddscomp/717641
2012-10-06,York City,Rotherham United,0,0,2.75,3.25,2.37,3.1,3.3,2.3,Bet365,0.0,1.98,1.88,0.0,2.25,1.68,Bet365,2.75,2.13,1.75,2.75,2.15,1.73,Bet365,//www.nowgoal5.com/oddscomp/717640
2012-10-06,Exeter City,Port Vale,0,2,2.5,3.25,2.6,2.37,3.5,2.8,Bet365,0.0,1.85,2.0,0.0,1.78,2.1,Bet365,2.75,2.1,1.78,2.75,2.1,1.78,Bet365,//www.nowgoal5.com/oddscomp/717639
2012-10-06,Oxford United,Gillingham,0,0,2.62,3.4,2.4,3.2,3.4,2.2,Bet365,-0.25,1.93,1.93,-0.25,1.95,1.9,Bet365,2.75,2.1,1.78,2.75,2.03,1.83,Bet365,//www.nowgoal5.com/oddscomp/717638
2012-10-06,Dagenham   Redbridge,Bradford City,4,3,2.6,3.25,2.5,2.62,3.5,2.5,Bet365,-0.25,1.78,2.1,-0.25,1.73,2.15,Bet365,2.5,1.88,1.98,2.5,1.95,1.9,Bet365,//www.nowgoal5.com/oddscomp/717637
2012-10-06,Plymouth Argyle,AFC Wimbledon,1,2,1.9,3.3,3.75,1.83,3.6,4.2,Bet365,0.5,1.88,1.98,0.5,1.9,1.95,Bet365,2.5,1.88,1.98,2.5,1.85,2.0,Bet365,//www.nowgoal5.com/oddscomp/717636
2012-10-06,Cheltenham Town,Fleetwood Town,2,2,2.5,3.25,2.6,2.5,3.3,2.75,Bet365,0.0,1.85,2.0,0.0,1.83,2.03,Bet365,2.5,2.03,1.83,2.5,1.95,1.9,Bet365,//www.nowgoal5.com/oddscomp/717635
2012-10-13,Bradford City,York City,1,1,2.0,3.25,3.5,2.0,3.5,3.6,Bet365,0.5,2.13,1.75,0.5,2.05,1.8,Bet365,2.75,2.0,1.85,2.5,1.95,1.9,Bet365,//www.nowgoal5.com/oddscomp/717656
2012-10-13,Burton Albion,Bristol Rovers,1,1,2.1,3.25,3.25,2.2,3.5,3.1,Bet365,0.5,2.05,1.8,0.5,2.25,1.68,Bet365,2.5,1.83,2.03,2.5,1.73,2.15,Bet365,//www.nowgoal5.com/oddscomp/717657
2012-10-13,Barnet,Plymouth Argyle,1,4,2.37,3.25,2.75,2.4,3.4,2.8,Bet365,0.0,1.95,1.9,0.0,1.78,2.1,Bet365,2.5,2.03,1.83,2.5,2.03,1.83,Bet365,//www.nowgoal5.com/oddscomp/717655
2012-10-13,Fleetwood Town,Wycombe Wanderers,0,1,1.57,3.6,5.5,1.61,3.75,5.5,Bet365,0.75,1.83,2.03,0.75,1.78,2.1,Bet365,2.5,1.9,1.95,2.5,1.7,2.2,Bet365,//www.nowgoal5.com/oddscomp/717654
2012-10-13,AFC Wimbledon,Cheltenham Town,1,2,2.75,3.4,2.3,3.3,3.5,2.1,Bet365,-0.25,1.98,1.88,-0.25,1.95,1.9,Bet365,2.5,1.83,2.03,2.5,1.7,2.2,Bet365,//www.nowgoal5.com/oddscomp/717653
2012-10-13,Northampton Town,Exeter City,3,0,2.3,3.4,2.75,2.4,3.4,2.8,Bet365,0.0,1.88,1.98,0.0,1.8,2.05,Bet365,2.75,2.03,1.83,2.75,2.0,1.85,Bet365,//www.nowgoal5.com/oddscomp/717652
2012-10-13,Rotherham United,Southend United,0,3,1.9,3.3,3.75,2.0,3.5,3.6,Bet365,0.5,1.93,1.93,0.5,1.95,1.9,Bet365,2.5,1.83,2.03,2.5,1.88,1.98,Bet365,//www.nowgoal5.com/oddscomp/717651
2012-10-13,Chesterfield,Dagenham   Redbridge,1,2,1.8,3.5,4.0,1.9,3.5,4.0,Bet365,0.5,1.83,2.03,0.5,1.95,1.9,Bet365,2.5,1.88,1.98,2.5,1.7,2.2,Bet365,//www.nowgoal5.com/oddscomp/717650
2012-10-13,Gillingham,Aldershot Town,4,0,1.72,3.5,4.33,1.5,4.33,6.0,Bet365,0.75,1.8,2.05,0.75,1.68,2.25,Bet365,2.5,1.85,2.0,2.5,1.85,2.0,Bet365,//www.nowgoal5.com/oddscomp/717649
2012-10-13,Rochdale,Morecambe,1,2,1.8,3.5,4.0,2.0,3.5,3.6,Bet365,0.5,1.98,1.88,0.5,2.1,1.78,Bet365,2.5,1.83,2.03,2.5,1.85,2.0,Bet365,//www.nowgoal5.com/oddscomp/717648
2012-10-13,Torquay United,Accrington Stanley,3,1,2.0,3.25,3.5,2.1,3.4,3.4,Bet365,0.5,2.05,1.8,0.5,2.03,1.83,Bet365,2.5,2.03,1.83,2.5,1.88,1.98,Bet365,//www.nowgoal5.com/oddscomp/717647
2012-10-15,Port Vale,Oxford United,3,0,1.9,3.4,4.0,1.83,3.75,4.0,Bet365,0.5,1.9,1.95,0.5,1.9,1.95,Bet365,2.75,1.95,1.9,2.75,1.93,1.93,Bet365,//www.nowgoal5.com/oddscomp/717658
2012-10-19,Barnet,Northampton Town,4,0,2.75,3.25,2.37,3.1,3.4,2.25,Bet365,-0.25,1.88,1.98,-0.25,1.83,2.03,Bet365,2.5,1.85,2.0,2.5,1.85,2.0,Bet365,//www.nowgoal5.com/oddscomp/717659
2012-10-20,Plymouth Argyle,Rochdale,3,1,2.5,3.25,2.6,2.15,3.5,3.2,Bet365,-0.25,1.83,2.03,0.0,1.65,2.3,Bet365,2.5,1.93,1.93,2.5,1.83,2.03,Bet365,//www.nowgoal5.com/oddscomp/717670
2012-10-20,Fleetwood Town,AFC Wimbledon,1,1,1.61,3.6,5.0,1.45,4.5,6.5,Bet365,0.75,1.83,2.03,1.0,1.78,2.1,Bet365,2.75,1.93,1.93,2.75,1.7,2.2,Bet365,//www.nowgoal5.com/oddscomp/717669
2012-10-20,Exeter City,Chesterfield,0,1,2.1,3.3,3.2,2.15,3.4,3.3,Bet365,0.25,1.88,1.98,0.25,1.93,1.93,Bet365,2.5,1.93,1.93,2.5,1.83,2.03,Bet365,//www.nowgoal5.com/oddscomp/717668
2012-10-20,Gillingham,Burton Albion,4,1,1.72,3.4,4.5,1.57,4.33,5.0,Bet365,0.75,1.93,1.93,0.75,1.7,2.2,Bet365,2.5,1.83,2.03,2.5,1.7,2.2,Bet365,//www.nowgoal5.com/oddscomp/717667
2012-10-20,Aldershot Town,Rotherham United,0,3,2.87,3.3,2.25,3.25,3.3,2.2,Bet365,-0.25,1.98,1.88,-0.25,1.93,1.93,Bet365,2.5,1.88,1.98,2.5,1.95,1.9,Bet365,//www.nowgoal5.com/oddscomp/717666
2012-10-20,Morecambe,Southend United,1,0,2.6,3.25,2.5,2.7,3.4,2.5,Bet365,0.0,2.03,1.83,0.0,1.93,1.93,Bet365,2.5,1.88,1.98,2.5,1.8,2.05,Bet365,//www.nowgoal5.com/oddscomp/717665
2012-10-20,Bristol Rovers,Torquay United,3,2,2.3,3.25,2.87,2.4,3.4,2.8,Bet365,0.0,1.88,1.98,0.0,1.8,2.05,Bet365,2.5,2.03,1.83,2.5,1.85,2.0,Bet365,//www.nowgoal5.com/oddscomp/717663
2012-10-20,York City,Dagenham   Redbridge,3,2,2.0,3.3,3.4,2.0,3.4,3.75,Bet365,0.25,1.93,1.93,0.25,1.7,2.2,Bet365,2.5,1.88,1.98,2.5,1.98,1.88,Bet365,//www.nowgoal5.com/oddscomp/717662
2012-10-20,Bradford City,Cheltenham Town,3,1,2.25,3.3,2.87,2.0,3.6,3.5,Bet365,0.0,1.78,2.1,0.25,1.78,2.1,Bet365,2.5,1.88,1.98,2.5,1.9,1.95,Bet365,//www.nowgoal5.com/oddscomp/717661
2012-10-20,Port Vale,Wycombe Wanderers,4,1,1.72,3.5,4.33,1.72,3.75,4.5,Bet365,0.75,1.98,1.88,0.75,1.9,1.95,Bet365,2.75,2.03,1.83,2.75,1.98,1.88,Bet365,//www.nowgoal5.com/oddscomp/717660
2012-10-20,Oxford United,Accrington Stanley,5,0,2.0,3.25,3.5,2.1,3.4,3.4,Bet365,0.25,1.83,2.03,0.25,1.85,2.0,Bet365,2.75,1.98,1.88,2.75,1.98,1.88,Bet365,//www.nowgoal5.com/oddscomp/717664
2012-10-23,Chesterfield,Fleetwood Town,1,2,2.5,3.25,2.6,2.62,3.25,2.62,Bet365,0.0,1.83,2.03,0.0,1.93,1.93,Bet365,2.5,1.9,1.95,2.5,1.95,1.9,Bet365,//www.nowgoal5.com/oddscomp/717677
2012-10-23,Wycombe Wanderers,Barnet,0,0,1.9,3.3,3.75,1.9,3.6,3.75,Bet365,0.5,1.85,2.0,0.5,2.03,1.83,Bet365,2.5,1.9,1.95,2.5,1.93,1.93,Bet365,//www.nowgoal5.com/oddscomp/717682
2012-10-23,Dagenham   Redbridge,Exeter City,1,1,2.3,3.4,2.75,2.2,3.4,3.2,Bet365,0.0,1.8,2.05,0.25,1.88,1.98,Bet365,2.75,1.95,1.9,2.75,2.2,1.7,Bet365,//www.nowgoal5.com/oddscomp/717681
2012-10-23,AFC Wimbledon,Bristol Rovers,3,1,2.75,3.4,2.3,2.7,3.4,2.5,Bet365,0.0,2.05,1.8,0.0,2.0,1.85,Bet365,2.5,1.8,2.05,2.75,1.98,1.88,Bet365,//www.nowgoal5.com/oddscomp/717679
2012-10-23,Northampton Town,Bradford City,0,1,2.5,3.25,2.6,2.8,3.4,2.4,Bet365,0.0,1.88,1.98,0.0,2.13,1.75,Bet365,2.75,1.95,1.9,2.75,2.13,1.75,Bet365,//www.nowgoal5.com/oddscomp/717678
2012-10-23,Rotherham United,Morecambe,2,1,1.72,3.5,4.33,1.72,3.75,4.5,Bet365,0.5,1.73,2.15,0.75,2.03,1.83,Bet365,2.75,1.95,1.9,2.75,1.85,2.0,Bet365,//www.nowgoal5.com/oddscomp/717676
2012-10-23,Torquay United,Gillingham,2,1,2.75,3.25,2.37,3.25,3.5,2.1,Bet365,-0.25,1.88,1.98,-0.25,1.93,1.93,Bet365,2.5,1.85,2.0,2.75,1.95,1.9,Bet365,//www.nowgoal5.com/oddscomp/717680
2012-10-23,Burton Albion,Port Vale,1,1,3.0,3.3,2.2,3.1,3.4,2.25,Bet365,-0.25,1.85,2.0,-0.25,1.88,1.98,Bet365,2.75,1.98,1.88,2.75,1.9,1.95,Bet365,//www.nowgoal5.com/oddscomp/717674
2012-10-23,Accrington Stanley,York City,0,1,2.3,3.4,2.75,3.1,3.4,2.25,Bet365,0.0,1.85,2.0,0.0,2.2,1.7,Bet365,2.75,2.1,1.78,2.5,2.03,1.83,Bet365,//www.nowgoal5.com/oddscomp/717673
2012-10-23,Southend United,Aldershot Town,1,2,1.72,3.5,4.33,1.66,3.5,5.5,Bet365,0.75,1.95,1.9,0.75,1.93,1.93,Bet365,2.5,1.83,2.03,2.5,2.0,1.85,Bet365,//www.nowgoal5.com/oddscomp/717672
2012-10-23,Cheltenham Town,Plymouth Argyle,2,1,1.9,3.3,3.75,1.9,3.6,3.75,Bet365,0.5,2.03,1.83,0.5,2.0,1.85,Bet365,2.5,1.9,1.95,2.5,1.93,1.93,Bet365,//www.nowgoal5.com/oddscomp/717671
2012-10-23,Rochdale,Oxford United,2,0,2.2,3.3,3.0,2.37,3.4,2.87,Bet365,0.25,1.98,1.88,0.0,1.78,2.1,Bet365,2.75,1.98,1.88,2.5,1.85,2.0,Bet365,//www.nowgoal5.com/oddscomp/717675
2012-10-27,AFC Wimbledon,Gillingham,0,1,4.0,3.5,1.8,4.2,4.0,1.72,Bet365,-0.75,1.93,1.93,-0.75,1.93,1.93,Bet365,2.75,1.85,2.0,2.75,1.78,2.1,Bet365,//www.nowgoal5.com/oddscomp/717684
2012-10-27,Wycombe Wanderers,Oxford United,1,3,2.4,3.4,2.62,2.87,3.4,2.37,Bet365,0.0,1.78,2.1,0.0,2.15,1.73,Bet365,2.5,1.83,2.03,2.5,1.88,1.98,Bet365,//www.nowgoal5.com/oddscomp/717683
2012-10-27,Cheltenham Town,Exeter City,3,0,2.1,3.25,3.25,2.1,3.4,3.4,Bet365,0.25,1.78,2.1,0.25,1.88,1.98,Bet365,2.5,1.83,2.03,2.5,1.8,2.05,Bet365,//www.nowgoal5.com/oddscomp/717694
2012-10-27,Rochdale,Fleetwood Town,0,0,2.6,3.25,2.5,2.87,3.4,2.37,Bet365,0.0,2.1,1.78,0.0,2.1,1.78,Bet365,2.5,1.9,1.95,2.5,1.93,1.93,Bet365,//www.nowgoal5.com/oddscomp/717693
2012-10-27,Torquay United,Morecambe,1,0,1.9,3.3,3.75,1.9,3.4,4.0,Bet365,0.5,1.95,1.9,0.5,1.93,1.93,Bet365,2.5,1.83,2.03,2.5,1.78,2.1,Bet365,//www.nowgoal5.com/oddscomp/717692
2012-10-27,Rotherham United,Plymouth Argyle,1,0,1.66,3.4,5.0,1.66,3.8,5.0,Bet365,0.5,1.78,2.1,0.75,1.8,2.05,Bet365,2.5,1.83,2.03,2.5,1.8,2.05,Bet365,//www.nowgoal5.com/oddscomp/717691
2012-10-27,Southend United,York City,0,0,2.0,3.25,3.5,2.25,3.25,3.2,Bet365,0.25,1.85,2.0,0.25,1.98,1.88,Bet365,2.5,1.95,1.9,2.5,2.03,1.83,Bet365,//www.nowgoal5.com/oddscomp/717690
2012-10-27,Burton Albion,Bradford City,1,0,2.4,3.4,2.62,2.6,3.4,2.6,Bet365,0.25,2.15,1.73,0.0,1.83,2.03,Bet365,2.75,1.9,1.95,2.75,1.98,1.88,Bet365,//www.nowgoal5.com/oddscomp/717689
2012-10-27,Chesterfield,Barnet,0,1,1.61,3.6,5.0,1.72,3.75,4.5,Bet365,1.0,2.05,1.8,0.75,1.95,1.9,Bet365,2.75,2.03,1.83,2.75,2.05,1.8,Bet365,//www.nowgoal5.com/oddscomp/717688
2012-10-27,Dagenham   Redbridge,Aldershot Town,0,0,2.1,3.4,3.1,1.9,3.6,3.75,Bet365,0.5,2.0,1.85,0.5,2.0,1.85,Bet365,2.5,1.9,1.95,2.5,1.85,2.0,Bet365,//www.nowgoal5.com/oddscomp/717687
2012-10-27,Accrington Stanley,Bristol Rovers,1,0,2.4,3.4,2.62,2.4,3.4,2.8,Bet365,0.25,1.98,1.88,0.25,2.05,1.8,Bet365,2.5,1.9,1.95,2.5,1.8,2.05,Bet365,//www.nowgoal5.com/oddscomp/717686
2012-10-27,Northampton Town,Port Vale,2,0,2.75,3.4,2.3,3.4,3.4,2.1,Bet365,-0.25,1.93,1.93,-0.25,1.93,1.93,Bet365,2.75,1.95,1.9,2.75,1.95,1.9,Bet365,//www.nowgoal5.com/oddscomp/717685
2012-11-06,Morecambe,Accrington Stanley,0,0,2.25,3.3,2.9,2.1,3.4,3.4,Bet365,0.25,1.98,1.88,0.25,1.8,2.05,Bet365,2.5,1.93,1.93,2.5,1.85,2.0,Bet365,//www.nowgoal5.com/oddscomp/717703
2012-11-06,Barnet,Torquay United,1,0,2.75,3.25,2.37,3.1,3.25,2.3,Bet365,-0.25,1.85,2.0,-0.25,1.8,2.05,Bet365,2.5,1.9,1.95,2.5,1.98,1.88,Bet365,//www.nowgoal5.com/oddscomp/717702
2012-11-06,Port Vale,Rochdale,2,2,1.9,3.3,3.75,1.83,3.6,4.2,Bet365,0.5,1.85,2.0,0.5,1.8,2.05,Bet365,2.75,1.95,1.9,2.75,1.95,1.9,Bet365,//www.nowgoal5.com/oddscomp/717706
2012-11-06,Oxford United,Dagenham   Redbridge,2,3,1.9,3.3,3.75,1.8,3.5,4.5,Bet365,0.5,2.03,1.83,0.5,1.83,2.03,Bet365,2.75,1.98,1.88,2.75,2.03,1.83,Bet365,//www.nowgoal5.com/oddscomp/717701
2012-11-06,Bristol Rovers,Southend United,2,3,2.6,3.25,2.5,2.7,3.4,2.5,Bet365,0.0,2.0,1.85,0.0,2.15,1.73,Bet365,2.25,1.83,2.03,2.5,1.95,1.9,Bet365,//www.nowgoal5.com/oddscomp/717700
2012-11-06,Exeter City,AFC Wimbledon,2,0,1.9,3.3,3.75,2.0,3.6,3.5,Bet365,0.5,1.78,2.1,0.5,2.0,1.85,Bet365,2.75,1.93,1.93,2.75,1.95,1.9,Bet365,//www.nowgoal5.com/oddscomp/717699
2012-11-06,Fleetwood Town,Rotherham United,1,1,2.37,3.25,2.75,2.5,3.4,2.7,Bet365,0.25,2.1,1.78,0.0,1.88,1.98,Bet365,2.5,1.93,1.93,2.5,1.9,1.95,Bet365,//www.nowgoal5.com/oddscomp/717704
2012-11-06,Bradford City,Chesterfield,0,0,2.0,3.25,3.5,2.0,3.5,3.6,Bet365,0.25,1.78,2.1,0.25,1.75,2.13,Bet365,2.5,1.95,1.9,2.5,1.8,2.05,Bet365,//www.nowgoal5.com/oddscomp/717697
2012-11-06,Gillingham,Cheltenham Town,0,0,1.9,3.3,3.75,1.66,3.75,5.0,Bet365,0.25,1.65,2.3,0.75,1.85,2.0,Bet365,2.5,1.85,2.0,2.5,1.73,2.15,Bet365,//www.nowgoal5.com/oddscomp/717696
2012-11-06,Aldershot Town,Wycombe Wanderers,0,0,2.25,3.3,2.9,2.0,3.5,3.6,Bet365,0.25,1.85,2.0,0.5,1.98,1.88,Bet365,2.5,1.95,1.9,2.5,2.1,1.78,Bet365,//www.nowgoal5.com/oddscomp/717695
2012-11-06,York City,Northampton Town,1,1,2.1,3.25,3.25,1.9,3.5,4.0,Bet365,0.25,1.7,2.2,0.5,1.85,2.0,Bet365,2.5,2.05,1.8,2.5,1.95,1.9,Bet365,//www.nowgoal5.com/oddscomp/717698
2012-11-07,Plymouth Argyle,Burton Albion,1,2,2.3,3.25,2.87,2.37,3.4,2.87,Bet365,0.0,1.7,2.2,0.25,2.03,1.83,Bet365,2.5,1.85,2.0,2.75,1.95,1.9,Bet365,//www.nowgoal5.com/oddscomp/717705
2012-11-10,Morecambe,Barnet,4,1,2.2,3.25,3.0,1.9,3.6,3.75,Bet365,0.5,2.15,1.73,0.5,1.85,2.0,Bet365,2.5,1.83,2.03,2.5,1.85,2.0,Bet365,//www.nowgoal5.com/oddscomp/717718
2012-11-10,Bristol Rovers,Chesterfield,3,2,2.5,3.25,2.6,2.5,3.4,2.7,Bet365,0.0,1.95,1.9,0.0,1.93,1.93,Bet365,2.5,2.05,1.8,2.5,1.95,1.9,Bet365,//www.nowgoal5.com/oddscomp/717717
2012-11-10,Oxford United,Torquay United,0,0,2.1,3.25,3.25,2.0,3.5,3.6,Bet365,0.25,1.9,1.95,0.25,1.73,2.15,Bet365,2.5,1.83,2.03,2.5,1.9,1.95,Bet365,//www.nowgoal5.com/oddscomp/717715
2012-11-10,Cheltenham Town,Burton Albion,1,0,1.8,3.3,4.2,2.0,3.6,3.5,Bet365,0.5,1.73,2.15,0.5,1.98,1.88,Bet365,2.5,1.88,1.98,2.5,1.83,2.03,Bet365,//www.nowgoal5.com/oddscomp/717714
2012-11-10,York City,AFC Wimbledon,0,3,1.72,3.5,4.33,1.7,3.8,4.75,Bet365,0.5,1.8,2.05,0.5,1.75,2.13,Bet365,2.5,1.85,2.0,2.5,1.88,1.98,Bet365,//www.nowgoal5.com/oddscomp/717713
2012-11-10,Exeter City,Fleetwood Town,2,2,2.6,3.25,2.5,2.4,3.5,2.75,Bet365,-0.25,1.83,2.03,0.0,1.8,2.05,Bet365,2.5,1.83,2.03,2.5,1.95,1.9,Bet365,//www.nowgoal5.com/oddscomp/717712
2012-11-10,Wycombe Wanderers,Rochdale,1,2,2.5,3.25,2.6,2.87,3.3,2.4,Bet365,0.0,2.1,1.78,0.0,2.25,1.68,Bet365,2.5,1.85,2.0,2.5,1.88,1.98,Bet365,//www.nowgoal5.com/oddscomp/717716
2012-11-10,Plymouth Argyle,Gillingham,2,2,3.0,3.25,2.2,3.75,3.4,2.0,Bet365,-0.5,1.8,2.05,-0.5,1.85,2.0,Bet365,2.5,1.88,1.98,2.5,1.85,2.0,Bet365,//www.nowgoal5.com/oddscomp/717710
2012-11-10,Southend United,Port Vale,0,0,2.5,3.25,2.6,2.2,3.4,3.2,Bet365,0.0,1.85,2.0,0.25,1.9,1.95,Bet365,2.5,1.98,1.88,2.5,1.93,1.93,Bet365,//www.nowgoal5.com/oddscomp/717709
2012-11-10,Dagenham   Redbridge,Rotherham United,5,0,2.62,3.4,2.37,3.2,3.4,2.2,Bet365,-0.25,1.95,1.9,-0.25,1.83,2.03,Bet365,2.5,1.88,1.98,2.5,1.88,1.98,Bet365,//www.nowgoal5.com/oddscomp/717708
2012-11-10,Accrington Stanley,Northampton Town,2,4,2.5,3.25,2.6,2.4,3.4,2.8,Bet365,0.25,2.0,1.85,0.25,2.0,1.85,Bet365,2.5,1.85,2.0,2.5,1.95,1.9,Bet365,//www.nowgoal5.com/oddscomp/717707
2012-11-10,Aldershot Town,Bradford City,0,2,2.8,3.3,2.3,2.8,3.4,2.4,Bet365,-0.25,1.95,1.9,-0.25,1.73,2.15,Bet365,2.5,1.95,1.9,2.5,2.05,1.8,Bet365,//www.nowgoal5.com/oddscomp/717711
2012-11-16,Barnet,Accrington Stanley,1,1,2.3,3.4,2.75,2.37,3.25,3.0,Bet365,0.0,1.83,2.03,0.25,2.05,1.8,Bet365,2.5,1.98,1.88,2.5,1.9,1.95,Bet365,//www.nowgoal5.com/oddscomp/717719
2012-11-17,Northampton Town,Wycombe Wanderers,3,1,1.8,3.5,4.0,1.83,3.6,4.2,Bet365,0.75,2.05,1.8,0.75,2.05,1.8,Bet365,2.5,1.83,2.03,2.5,1.83,2.03,Bet365,//www.nowgoal5.com/oddscomp/717730
2012-11-17,Bradford City,Exeter City,0,1,1.8,3.5,4.0,1.9,3.5,4.0,Bet365,0.5,1.83,2.03,0.5,1.93,1.93,Bet365,2.75,2.05,1.8,2.75,2.1,1.78,Bet365,//www.nowgoal5.com/oddscomp/717729
2012-11-17,Port Vale,York City,2,2,1.8,3.5,4.0,1.9,3.6,3.75,Bet365,0.75,2.2,1.7,0.5,1.95,1.9,Bet365,2.75,2.03,1.83,2.75,2.15,1.73,Bet365,//www.nowgoal5.com/oddscomp/717728
2012-11-17,Torquay United,Southend United,1,4,2.2,3.3,3.0,2.7,3.25,2.6,Bet365,0.5,2.1,1.78,0.0,2.03,1.83,Bet365,2.75,2.03,1.83,2.75,2.15,1.73,Bet365,//www.nowgoal5.com/oddscomp/717727
2012-11-17,Rochdale,Bristol Rovers,2,1,1.9,3.3,3.75,2.1,3.4,3.4,Bet365,0.5,2.0,1.85,0.5,2.05,1.8,Bet365,2.75,2.03,1.83,2.75,2.03,1.83,Bet365,//www.nowgoal5.com/oddscomp/717726
2012-11-17,Burton Albion,Dagenham   Redbridge,3,2,2.1,3.25,3.25,2.5,3.25,2.8,Bet365,0.5,2.1,1.78,0.25,2.15,1.73,Bet365,2.75,2.03,1.83,2.75,1.9,1.95,Bet365,//www.nowgoal5.com/oddscomp/717725
2012-11-17,Gillingham,Morecambe,2,1,1.57,3.6,5.5,1.57,4.0,5.5,Bet365,1.0,2.0,1.85,1.0,2.05,1.8,Bet365,2.5,1.83,2.03,2.5,1.8,2.05,Bet365,//www.nowgoal5.com/oddscomp/717722
2012-11-17,AFC Wimbledon,Aldershot Town,1,1,2.2,3.3,3.0,2.2,3.5,3.1,Bet365,0.25,1.88,1.98,0.25,1.9,1.95,Bet365,2.5,1.88,1.98,2.5,1.85,2.0,Bet365,//www.nowgoal5.com/oddscomp/717723
2012-11-17,Rotherham United,Cheltenham Town,4,2,2.1,3.25,3.25,2.2,3.4,3.2,Bet365,0.5,1.93,1.93,0.5,2.15,1.73,Bet365,2.5,1.93,1.93,2.5,1.85,2.0,Bet365,//www.nowgoal5.com/oddscomp/717721
2012-11-17,Fleetwood Town,Plymouth Argyle,3,0,1.66,3.4,5.0,1.9,3.6,3.75,Bet365,0.5,1.78,2.1,0.5,1.95,1.9,Bet365,2.5,1.88,1.98,2.5,1.9,1.95,Bet365,//www.nowgoal5.com/oddscomp/717720
2012-11-17,Chesterfield,Oxford United,2,1,2.2,3.3,3.0,2.4,3.4,2.8,Bet365,0.5,2.1,1.78,0.25,2.03,1.83,Bet365,2.5,1.78,2.1,2.5,1.83,2.03,Bet365,//www.nowgoal5.com/oddscomp/717724
2012-11-20,AFC Wimbledon,Southend United,0,4,2.75,3.25,2.37,3.6,3.5,2.0,Bet365,-0.25,1.9,1.95,-0.5,1.85,2.0,Bet365,2.75,2.05,1.8,2.75,2.05,1.8,Bet365,//www.nowgoal5.com/oddscomp/717734
2012-11-20,Gillingham,Exeter City,2,3,1.66,3.75,4.33,1.53,4.33,5.5,Bet365,0.75,1.93,1.93,1.0,2.05,1.8,Bet365,2.75,1.98,1.88,2.75,1.98,1.88,Bet365,//www.nowgoal5.com/oddscomp/717740
2012-11-20,Fleetwood Town,Accrington Stanley,1,3,1.66,3.75,4.33,1.66,3.8,5.0,Bet365,0.75,2.03,1.83,0.75,1.93,1.93,Bet365,2.75,2.0,1.85,2.75,2.0,1.85,Bet365,//www.nowgoal5.com/oddscomp/717738
2012-11-20,Bradford City,Plymouth Argyle,1,0,1.8,3.5,4.0,1.72,3.75,4.5,Bet365,0.75,2.03,1.83,0.75,2.05,1.8,Bet365,2.75,1.95,1.9,2.5,1.98,1.88,Bet365,//www.nowgoal5.com/oddscomp/717739
2012-11-20,Burton Albion,Aldershot Town,0,1,1.9,3.4,3.6,2.0,3.4,3.75,Bet365,0.5,1.93,1.93,0.5,2.15,1.73,Bet365,2.5,1.98,1.88,2.5,1.9,1.95,Bet365,//www.nowgoal5.com/oddscomp/717737
2012-11-20,Barnet,Oxford United,2,2,2.6,3.25,2.5,3.2,3.4,2.2,Bet365,0.0,2.05,1.8,-0.25,1.95,1.9,Bet365,2.75,2.05,1.8,2.5,1.9,1.95,Bet365,//www.nowgoal5.com/oddscomp/717733
2012-11-20,Rotherham United,Wycombe Wanderers,2,3,1.61,3.6,5.0,1.61,3.6,6.0,Bet365,0.75,1.8,2.05,0.75,1.83,2.03,Bet365,2.75,1.93,1.93,2.75,1.78,2.1,Bet365,//www.nowgoal5.com/oddscomp/717742
2012-11-20,Northampton Town,Morecambe,3,0,1.9,3.4,3.6,2.3,3.25,3.1,Bet365,0.5,2.1,1.78,0.25,2.1,1.78,Bet365,2.5,1.85,2.0,2.5,1.8,2.05,Bet365,//www.nowgoal5.com/oddscomp/717732
2012-11-20,Chesterfield,Cheltenham Town,4,1,2.37,3.4,2.62,2.2,3.4,3.2,Bet365,0.0,1.78,2.1,0.25,1.9,1.95,Bet365,2.5,2.0,1.85,2.5,1.95,1.9,Bet365,//www.nowgoal5.com/oddscomp/717731
2012-11-20,Port Vale,Bristol Rovers,4,0,1.8,3.6,3.8,1.57,4.0,5.5,Bet365,0.75,1.98,1.88,1.0,2.05,1.8,Bet365,2.75,1.95,1.9,2.75,1.78,2.1,Bet365,//www.nowgoal5.com/oddscomp/717736
2012-11-24,Dagenham   Redbridge,Fleetwood Town,1,0,2.75,3.25,2.37,2.5,3.3,2.75,Bet365,0.0,1.98,1.88,0.0,1.8,2.05,Bet365,2.5,1.88,1.98,2.5,1.9,1.95,Bet365,//www.nowgoal5.com/oddscomp/717754
2012-11-24,Wycombe Wanderers,Burton Albion,3,0,2.75,3.25,2.37,2.5,3.4,2.7,Bet365,0.0,2.1,1.78,0.0,1.85,2.0,Bet365,2.5,1.88,1.98,2.5,1.75,2.13,Bet365,//www.nowgoal5.com/oddscomp/717753
2012-11-24,York City,Torquay United,0,2,2.2,3.3,3.0,2.1,3.3,3.5,Bet365,0.25,1.83,2.03,0.25,1.73,2.15,Bet365,2.5,1.93,1.93,2.5,2.1,1.78,Bet365,//www.nowgoal5.com/oddscomp/717752
2012-11-24,Southend United,Rochdale,3,1,2.1,3.3,3.2,1.83,3.75,4.0,Bet365,0.25,1.85,2.0,0.5,1.8,2.05,Bet365,2.5,1.88,1.98,2.5,1.73,2.15,Bet365,//www.nowgoal5.com/oddscomp/717751
2012-11-24,Plymouth Argyle,Chesterfield,0,1,2.6,3.25,2.5,3.0,3.25,2.37,Bet365,0.0,2.03,1.83,0.0,2.25,1.68,Bet365,2.5,1.83,2.03,2.5,2.05,1.8,Bet365,//www.nowgoal5.com/oddscomp/717750
2012-11-24,Cheltenham Town,Barnet,1,0,1.66,3.75,4.33,1.72,3.8,4.5,Bet365,1.0,2.1,1.78,0.75,1.98,1.88,Bet365,2.5,1.8,2.05,2.5,1.85,2.0,Bet365,//www.nowgoal5.com/oddscomp/717749
2012-11-24,Oxford United,Northampton Town,2,1,2.2,3.3,3.0,2.3,3.5,2.87,Bet365,0.25,1.88,1.98,0.25,1.98,1.88,Bet365,2.5,1.78,2.1,2.5,1.78,2.1,Bet365,//www.nowgoal5.com/oddscomp/717748
2012-11-24,Exeter City,Rotherham United,0,1,2.8,3.3,2.3,2.37,3.5,2.8,Bet365,0.0,1.8,2.05,0.25,2.05,1.8,Bet365,2.5,1.8,2.05,2.5,1.83,2.03,Bet365,//www.nowgoal5.com/oddscomp/717747
2012-11-24,Accrington Stanley,Gillingham,1,1,3.6,3.4,1.9,3.75,3.6,1.9,Bet365,-0.5,1.98,1.88,-0.5,2.03,1.83,Bet365,2.5,1.83,2.03,2.5,1.85,2.0,Bet365,//www.nowgoal5.com/oddscomp/717745
2012-11-24,Bristol Rovers,Bradford City,3,3,2.5,3.25,2.6,3.0,3.4,2.3,Bet365,0.0,2.03,1.83,-0.25,1.78,2.1,Bet365,2.5,1.88,1.98,2.5,1.9,1.95,Bet365,//www.nowgoal5.com/oddscomp/717744
2012-11-24,Morecambe,AFC Wimbledon,3,1,2.0,3.3,3.4,1.9,3.6,3.75,Bet365,0.5,1.93,1.93,0.5,1.9,1.95,Bet365,2.5,1.78,2.1,2.5,1.8,2.05,Bet365,//www.nowgoal5.com/oddscomp/717743
2012-11-24,Aldershot Town,Port Vale,1,3,3.0,3.25,2.2,3.25,3.5,2.1,Bet365,-0.5,1.8,2.05,-0.5,1.7,2.2,Bet365,2.5,1.9,1.95,2.5,2.05,1.8,Bet365,//www.nowgoal5.com/oddscomp/717746
2012-11-27,Accrington Stanley,Rotherham United,1,2,2.87,3.3,2.4,3.0,3.4,2.3,Bet365,0.0,2.03,1.83,-0.25,1.8,2.05,Bet365,2.5,1.88,1.98,2.5,1.88,1.98,Bet365,//www.nowgoal5.com/oddscomp/717633
2012-12-01,Rochdale,York City,2,3,2.0,3.4,3.3,2.4,3.3,2.87,Bet365,0.5,2.1,1.78,0.25,2.1,1.78,Bet365,2.5,1.88,1.98,2.5,1.98,1.88,Bet365,//www.nowgoal5.com/oddscomp/717735
2012-12-01,Torquay United,Dagenham   Redbridge,2,1,2.0,3.4,3.3,2.4,3.4,2.8,Bet365,0.5,1.98,1.88,0.25,2.05,1.8,Bet365,2.5,1.88,1.98,2.5,1.75,2.13,Bet365,//www.nowgoal5.com/oddscomp/717741
2012-12-01,Wycombe Wanderers,Bristol Rovers,2,0,2.25,3.25,2.9,2.2,3.4,3.2,Bet365,0.25,1.78,2.1,0.25,1.93,1.93,Bet365,2.5,1.75,2.13,2.5,1.7,2.2,Bet365,//www.nowgoal5.com/oddscomp/717549
2012-12-08,Oxford United,Aldershot Town,1,1,1.83,3.4,4.0,2.0,3.4,3.75,Bet365,0.5,1.95,1.9,0.5,2.03,1.83,Bet365,2.75,1.98,1.88,2.5,1.95,1.9,Bet365,//www.nowgoal5.com/oddscomp/717762
2012-12-08,Barnet,AFC Wimbledon,1,1,2.2,3.3,3.0,2.5,3.3,2.75,Bet365,0.25,1.98,1.88,0.25,2.13,1.75,Bet365,2.75,1.93,1.93,2.75,2.25,1.68,Bet365,//www.nowgoal5.com/oddscomp/717765
2012-12-08,Rotherham United,Gillingham,1,2,2.2,3.3,3.0,2.5,3.4,2.7,Bet365,0.0,1.83,2.03,0.0,1.9,1.95,Bet365,2.5,1.83,2.03,2.5,1.7,2.2,Bet365,//www.nowgoal5.com/oddscomp/717764
2012-12-08,Wycombe Wanderers,Morecambe,2,2,2.1,3.25,3.25,2.25,3.4,3.1,Bet365,0.25,2.0,1.85,0.25,2.0,1.85,Bet365,2.5,1.88,1.98,2.5,1.95,1.9,Bet365,//www.nowgoal5.com/oddscomp/717763
2012-12-08,Bristol Rovers,Dagenham   Redbridge,0,1,2.2,3.3,3.0,2.7,3.4,2.5,Bet365,0.25,2.03,1.83,0.0,1.98,1.88,Bet365,2.75,2.0,1.85,2.75,2.03,1.83,Bet365,//www.nowgoal5.com/oddscomp/717761
2012-12-08,Rochdale,Exeter City,2,3,2.2,3.3,3.0,2.37,3.5,2.8,Bet365,0.25,2.03,1.83,0.25,2.0,1.85,Bet365,2.5,1.85,2.0,2.5,1.85,2.0,Bet365,//www.nowgoal5.com/oddscomp/717757
2012-12-08,Fleetwood Town,Southend United,0,0,2.2,3.3,3.0,2.6,3.25,2.7,Bet365,0.0,1.9,1.95,0.0,1.85,2.0,Bet365,2.5,1.95,1.9,2.5,1.9,1.95,Bet365,//www.nowgoal5.com/oddscomp/717759
2012-12-08,Plymouth Argyle,York City,2,0,2.37,3.25,2.75,2.6,3.3,2.62,Bet365,0.0,2.0,1.85,0.0,1.88,1.98,Bet365,2.5,2.0,1.85,2.5,2.15,1.73,Bet365,//www.nowgoal5.com/oddscomp/717758
2012-12-08,Port Vale,Chesterfield,0,2,1.9,3.3,3.75,2.0,3.4,3.75,Bet365,0.5,1.9,1.95,0.5,2.05,1.8,Bet365,2.75,2.05,1.8,2.75,2.05,1.8,Bet365,//www.nowgoal5.com/oddscomp/717756
2012-12-08,Northampton Town,Cheltenham Town,2,3,2.3,3.4,2.75,2.2,3.4,3.2,Bet365,0.0,1.78,2.1,0.0,1.7,2.2,Bet365,2.5,1.8,2.05,2.5,1.8,2.05,Bet365,//www.nowgoal5.com/oddscomp/717755
2012-12-08,Bradford City,Torquay United,1,0,2.0,3.25,3.5,1.8,3.6,4.33,Bet365,0.5,1.95,1.9,0.5,1.78,2.1,Bet365,2.5,1.98,1.88,2.5,1.83,2.03,Bet365,//www.nowgoal5.com/oddscomp/717760
2012-12-09,Burton Albion,Accrington Stanley,1,0,2.0,3.25,3.5,2.25,3.25,3.2,Bet365,0.5,2.03,1.83,0.25,1.95,1.9,Bet365,2.75,2.0,1.85,2.75,2.05,1.8,Bet365,//www.nowgoal5.com/oddscomp/717766
2012-12-15,Torquay United,Northampton Town,1,1,2.0,3.3,3.4,2.25,3.5,3.0,Bet365,0.5,2.15,1.73,0.25,1.93,1.93,Bet365,2.5,1.93,1.93,2.5,1.83,2.03,Bet365,//www.nowgoal5.com/oddscomp/717777
2012-12-15,Accrington Stanley,Wycombe Wanderers,0,2,2.1,3.3,3.2,2.3,3.5,2.87,Bet365,0.25,1.93,1.93,0.25,2.05,1.8,Bet365,2.5,1.85,2.0,2.5,1.85,2.0,Bet365,//www.nowgoal5.com/oddscomp/717776
2012-12-15,Cheltenham Town,Port Vale,1,1,2.25,3.3,2.87,2.6,3.2,2.75,Bet365,0.25,2.0,1.85,0.0,1.8,2.05,Bet365,2.75,2.05,1.8,2.75,2.1,1.78,Bet365,//www.nowgoal5.com/oddscomp/717774
2012-12-15,Chesterfield,Burton Albion,1,1,1.9,3.3,3.75,1.9,3.6,3.8,Bet365,0.5,1.9,1.95,0.5,1.85,2.0,Bet365,2.5,1.93,1.93,2.5,1.88,1.98,Bet365,//www.nowgoal5.com/oddscomp/717773
2012-12-15,Dagenham   Redbridge,Barnet,1,0,1.8,3.5,4.0,1.8,3.8,4.0,Bet365,0.5,1.83,2.03,0.5,1.85,2.0,Bet365,2.75,2.05,1.8,2.75,2.15,1.73,Bet365,//www.nowgoal5.com/oddscomp/717772
2012-12-15,Southend United,Bradford City,2,2,2.0,3.3,3.4,2.2,3.6,3.0,Bet365,0.5,2.15,1.73,0.25,1.9,1.95,Bet365,2.5,2.0,1.85,2.5,2.1,1.78,Bet365,//www.nowgoal5.com/oddscomp/717769
2012-12-15,Aldershot Town,Rochdale,4,2,2.5,3.25,2.6,2.6,3.3,2.62,Bet365,0.0,1.8,2.05,0.0,1.85,2.0,Bet365,2.5,2.0,1.85,2.5,2.03,1.83,Bet365,//www.nowgoal5.com/oddscomp/717770
2012-12-15,AFC Wimbledon,Rotherham United,0,1,3.4,3.3,2.0,3.75,3.4,2.0,Bet365,-0.5,1.8,2.05,-0.5,1.78,2.1,Bet365,2.75,2.03,1.83,2.75,2.03,1.83,Bet365,//www.nowgoal5.com/oddscomp/717768
2012-12-15,Morecambe,Oxford United,1,1,2.3,3.3,2.8,2.3,3.3,3.1,Bet365,0.25,2.03,1.83,0.0,1.73,2.15,Bet365,2.75,2.05,1.8,2.75,2.0,1.85,Bet365,//www.nowgoal5.com/oddscomp/717767
2012-12-15,Exeter City,Plymouth Argyle,1,1,1.8,3.5,4.0,2.2,3.3,3.25,Bet365,0.75,2.03,1.83,0.25,1.9,1.95,Bet365,2.5,1.85,2.0,2.5,2.25,1.68,Bet365,//www.nowgoal5.com/oddscomp/717775
2012-12-15,York City,Bristol Rovers,4,1,1.9,3.4,3.6,1.75,3.5,4.75,Bet365,0.5,1.93,1.93,0.5,1.78,2.1,Bet365,2.5,1.93,1.93,2.5,1.95,1.9,Bet365,//www.nowgoal5.com/oddscomp/717778
2012-12-15,Gillingham,Fleetwood Town,2,2,1.83,3.5,3.75,1.72,3.8,4.5,Bet365,0.5,1.9,1.95,0.5,1.7,2.2,Bet365,2.75,2.05,1.8,2.75,1.9,1.95,Bet365,//www.nowgoal5.com/oddscomp/717771
2012-12-21,Barnet,Burton Albion,3,2,2.62,3.25,2.5,2.75,3.3,2.5,Bet365,0.0,1.98,1.88,0.0,2.03,1.83,Bet365,2.5,1.98,1.88,2.5,2.05,1.8,Bet365,//www.nowgoal5.com/oddscomp/717781
2012-12-21,Southend United,Chesterfield,3,0,2.2,3.3,3.0,2.2,3.3,3.3,Bet365,0.25,1.8,2.05,0.25,1.83,2.03,Bet365,2.25,1.8,2.05,2.25,1.8,2.05,Bet365,//www.nowgoal5.com/oddscomp/717779
2012-12-21,Rochdale,Cheltenham Town,4,1,2.62,3.25,2.5,2.37,3.25,3.0,Bet365,0.0,2.0,1.85,0.0,1.78,2.1,Bet365,2.5,1.93,1.93,2.75,2.0,1.85,Bet365,//www.nowgoal5.com/oddscomp/717780
2012-12-22,Northampton Town,Aldershot Town,2,0,2.2,3.25,3.0,2.1,3.5,3.25,Bet365,0.5,2.1,1.78,0.25,1.78,2.1,Bet365,2.5,1.85,2.0,2.5,1.88,1.98,Bet365,//www.nowgoal5.com/oddscomp/717788
2012-12-22,Accrington Stanley,Plymouth Argyle,1,1,2.2,3.25,3.0,2.5,3.2,2.8,Bet365,0.25,2.05,1.8,0.0,1.78,2.1,Bet365,2.5,2.03,1.83,2.5,2.0,1.85,Bet365,//www.nowgoal5.com/oddscomp/717782
2012-12-26,Rotherham United,Port Vale,1,2,2.1,3.4,3.1,2.1,3.4,3.4,Bet365,0.25,1.98,1.88,0.25,1.9,1.95,Bet365,2.5,1.9,1.95,2.5,1.8,2.05,Bet365,//www.nowgoal5.com/oddscomp/718061
2012-12-26,Chesterfield,York City,3,0,1.9,3.3,3.75,2.1,3.25,3.6,Bet365,0.5,2.1,1.78,0.25,1.85,2.0,Bet365,2.5,2.03,1.83,2.5,1.98,1.88,Bet365,//www.nowgoal5.com/oddscomp/718065
2012-12-26,Fleetwood Town,Morecambe,1,0,1.83,3.4,4.0,1.9,3.4,4.0,Bet365,0.5,1.93,1.93,0.5,1.98,1.88,Bet365,2.5,2.03,1.83,2.5,2.0,1.85,Bet365,//www.nowgoal5.com/oddscomp/718064
2012-12-26,Bradford City,Accrington Stanley,2,1,1.66,3.4,5.0,1.61,3.75,5.5,Bet365,0.75,1.83,2.03,0.75,1.93,1.93,Bet365,2.5,1.98,1.88,2.75,1.88,1.98,Bet365,//www.nowgoal5.com/oddscomp/718063
2012-12-26,Burton Albion,Rochdale,3,2,2.2,3.3,3.0,2.5,3.3,2.75,Bet365,0.25,2.1,1.78,0.0,1.9,1.95,Bet365,2.5,1.88,1.98,2.75,1.9,1.95,Bet365,//www.nowgoal5.com/oddscomp/718062
2012-12-26,Cheltenham Town,Wycombe Wanderers,4,0,1.9,3.3,3.75,1.8,3.5,4.5,Bet365,0.5,1.83,2.03,0.5,1.95,1.9,Bet365,2.5,1.88,1.98,2.5,1.88,1.98,Bet365,//www.nowgoal5.com/oddscomp/718060
2012-12-26,Exeter City,Oxford United,1,3,2.0,3.4,3.3,2.25,3.3,3.2,Bet365,0.25,1.9,1.95,0.25,1.95,1.9,Bet365,2.75,2.03,1.83,2.75,2.03,1.83,Bet365,//www.nowgoal5.com/oddscomp/718059
2012-12-26,Aldershot Town,Bristol Rovers,2,2,2.1,3.4,3.1,2.0,3.4,3.75,Bet365,0.25,1.83,2.03,0.5,1.98,1.88,Bet365,2.5,2.03,1.83,2.5,2.0,1.85,Bet365,//www.nowgoal5.com/oddscomp/718058
2012-12-26,Dagenham   Redbridge,Southend United,0,3,2.5,3.4,2.5,2.9,3.3,2.37,Bet365,0.0,1.95,1.9,0.0,2.1,1.78,Bet365,2.5,1.85,2.0,2.5,1.95,1.9,Bet365,//www.nowgoal5.com/oddscomp/718057
2012-12-26,Plymouth Argyle,Torquay United,1,1,2.5,3.25,2.6,2.3,3.2,3.1,Bet365,0.0,1.8,2.05,0.25,2.1,1.78,Bet365,2.5,1.98,1.88,2.5,2.03,1.83,Bet365,//www.nowgoal5.com/oddscomp/718056
2012-12-26,Gillingham,Barnet,0,1,1.4,4.2,7.0,1.44,4.33,7.0,Bet365,1.25,1.83,2.03,1.25,2.0,1.85,Bet365,2.75,1.93,1.93,2.75,1.85,2.0,Bet365,//www.nowgoal5.com/oddscomp/718055
2012-12-29,Chesterfield,Morecambe,1,1,1.8,3.5,4.0,1.9,3.4,4.0,Bet365,0.5,1.98,1.88,0.5,2.0,1.85,Bet365,2.5,1.98,1.88,2.5,1.95,1.9,Bet365,//www.nowgoal5.com/oddscomp/718045
2012-12-29,AFC Wimbledon,Oxford United,0,3,2.5,3.4,2.5,3.2,3.4,2.2,Bet365,0.0,2.03,1.83,-0.25,1.93,1.93,Bet365,2.5,1.83,2.03,2.5,1.83,2.03,Bet365,//www.nowgoal5.com/oddscomp/718046
2012-12-29,Rotherham United,Accrington Stanley,4,1,1.61,3.6,5.0,1.53,4.0,6.0,Bet365,0.75,1.8,2.05,1.0,1.83,2.03,Bet365,2.75,1.98,1.88,2.75,1.93,1.93,Bet365,//www.nowgoal5.com/oddscomp/718047
2012-12-29,Dagenham   Redbridge,Port Vale,2,3,2.5,3.4,2.5,3.0,3.4,2.3,Bet365,0.0,2.1,1.78,0.0,1.98,1.88,Bet365,2.5,1.9,1.95,2.5,1.85,2.0,Bet365,//www.nowgoal5.com/oddscomp/718054
2012-12-29,Plymouth Argyle,Wycombe Wanderers,0,1,2.3,3.25,2.87,1.9,3.6,3.75,Bet365,0.25,2.05,1.8,0.5,1.98,1.88,Bet365,2.5,1.88,1.98,2.5,1.98,1.88,Bet365,//www.nowgoal5.com/oddscomp/718048
2012-12-29,Burton Albion,Southend United,2,0,2.5,3.4,2.5,3.0,3.5,2.25,Bet365,0.0,2.1,1.78,-0.25,1.85,2.0,Bet365,2.5,1.9,1.95,2.5,1.83,2.03,Bet365,//www.nowgoal5.com/oddscomp/718050
2012-12-29,Fleetwood Town,York City,0,0,2.0,3.25,3.5,1.95,3.5,3.75,Bet365,0.5,2.05,1.8,0.5,2.03,1.83,Bet365,2.5,1.88,1.98,2.5,1.9,1.95,Bet365,//www.nowgoal5.com/oddscomp/718051
2012-12-29,Bradford City,Rochdale,2,4,1.9,3.3,3.75,1.83,3.5,4.2,Bet365,0.5,1.85,2.0,0.5,1.88,1.98,Bet365,2.75,2.05,1.8,2.75,1.9,1.95,Bet365,//www.nowgoal5.com/oddscomp/718052
2012-12-29,Exeter City,Barnet,2,2,1.72,3.4,4.5,1.85,3.6,4.0,Bet365,0.75,1.98,1.88,0.5,1.85,2.0,Bet365,2.5,1.85,2.0,2.5,1.83,2.03,Bet365,//www.nowgoal5.com/oddscomp/718043
2013-01-01,Morecambe,Bradford City,0,0,2.75,3.25,2.37,3.1,3.25,2.3,Bet365,0.0,2.05,1.8,0.0,2.05,1.8,Bet365,2.5,2.03,1.83,2.5,1.93,1.93,Bet365,//www.nowgoal5.com/oddscomp/718039
2013-01-01,Southend United,Gillingham,0,1,2.37,3.25,2.75,2.5,3.3,2.75,Bet365,0.0,1.8,2.05,0.25,2.13,1.75,Bet365,2.5,1.88,1.98,2.5,1.83,2.03,Bet365,//www.nowgoal5.com/oddscomp/718032
2013-01-01,Northampton Town,Dagenham   Redbridge,3,1,1.9,3.4,3.6,2.0,3.5,3.6,Bet365,0.5,1.98,1.88,0.5,2.03,1.83,Bet365,2.5,1.88,1.98,2.5,1.75,2.13,Bet365,//www.nowgoal5.com/oddscomp/718033
2013-01-01,Wycombe Wanderers,Exeter City,0,1,2.3,3.4,2.75,2.5,3.25,2.8,Bet365,0.0,1.9,1.95,0.0,1.85,2.0,Bet365,2.5,1.93,1.93,2.5,1.8,2.05,Bet365,//www.nowgoal5.com/oddscomp/718034
2013-01-01,Rochdale,Rotherham United,1,2,2.6,3.25,2.5,2.8,3.4,2.4,Bet365,0.0,2.0,1.85,-0.25,1.78,2.1,Bet365,2.5,1.88,1.98,3.0,1.98,1.88,Bet365,//www.nowgoal5.com/oddscomp/718035
2013-01-01,York City,Burton Albion,3,0,2.3,3.25,2.87,2.2,3.4,3.2,Bet365,0.25,1.85,2.0,0.25,1.9,1.95,Bet365,2.5,1.93,1.93,2.5,1.93,1.93,Bet365,//www.nowgoal5.com/oddscomp/718036
2013-01-01,Accrington Stanley,Chesterfield,1,0,2.87,3.25,2.3,3.1,3.25,2.3,Bet365,0.0,2.0,1.85,-0.25,1.98,1.88,Bet365,2.5,2.0,1.85,2.5,2.0,1.85,Bet365,//www.nowgoal5.com/oddscomp/718037
2013-01-01,Barnet,Aldershot Town,0,1,2.3,3.25,2.87,2.62,3.2,2.7,Bet365,0.25,1.95,1.9,0.0,1.93,1.93,Bet365,2.5,2.05,1.8,2.5,2.03,1.83,Bet365,//www.nowgoal5.com/oddscomp/718038
2013-01-01,Bristol Rovers,Plymouth Argyle,2,1,2.2,3.3,3.0,2.8,3.25,2.5,Bet365,0.25,2.03,1.83,0.0,2.1,1.78,Bet365,2.5,1.93,1.93,2.5,1.95,1.9,Bet365,//www.nowgoal5.com/oddscomp/718031
2013-01-01,Torquay United,AFC Wimbledon,2,3,1.61,3.6,5.0,1.75,3.75,4.33,Bet365,0.75,1.83,2.03,0.75,1.95,1.9,Bet365,2.5,1.88,1.98,2.5,1.83,2.03,Bet365,//www.nowgoal5.com/oddscomp/718041
2013-01-01,Port Vale,Fleetwood Town,0,2,1.83,3.4,4.0,1.9,3.5,4.0,Bet365,0.5,1.93,1.93,0.5,1.98,1.88,Bet365,2.5,1.98,1.88,2.5,1.93,1.93,Bet365,//www.nowgoal5.com/oddscomp/718040
2013-01-01,Oxford United,Cheltenham Town,1,0,2.37,3.25,2.75,2.3,3.4,3.0,Bet365,0.0,1.83,2.03,0.25,1.95,1.9,Bet365,2.5,1.93,1.93,2.5,1.85,2.0,Bet365,//www.nowgoal5.com/oddscomp/718042
2013-01-05,Accrington Stanley,Dagenham   Redbridge,0,2,2.4,3.4,2.62,2.9,3.25,2.4,Bet365,0.0,1.83,2.03,0.0,1.95,1.9,Bet365,2.75,2.03,1.83,2.5,2.03,1.83,Bet365,//www.nowgoal5.com/oddscomp/718030
2013-01-05,Wycombe Wanderers,Chesterfield,2,1,2.5,3.25,2.6,2.75,3.3,2.5,Bet365,0.0,1.83,2.03,0.0,2.05,1.8,Bet365,2.5,1.88,1.98,2.5,1.93,1.93,Bet365,//www.nowgoal5.com/oddscomp/718020
2013-01-05,Port Vale,Plymouth Argyle,4,0,1.61,3.6,5.0,1.8,3.75,4.2,Bet365,1.0,2.15,1.73,0.75,2.05,1.8,Bet365,2.75,2.03,1.83,2.75,2.0,1.85,Bet365,//www.nowgoal5.com/oddscomp/718021
2013-01-05,Northampton Town,Fleetwood Town,3,1,2.37,3.25,2.75,2.37,3.4,2.9,Bet365,0.25,2.1,1.78,0.25,2.05,1.8,Bet365,2.5,1.88,1.98,2.5,1.85,2.0,Bet365,//www.nowgoal5.com/oddscomp/718023
2013-01-05,Bristol Rovers,Gillingham,0,2,3.1,3.4,2.1,4.0,3.75,1.83,Bet365,-0.5,1.85,2.0,-0.5,2.0,1.85,Bet365,2.75,1.95,1.9,2.75,1.9,1.95,Bet365,//www.nowgoal5.com/oddscomp/718026
2013-01-05,Rochdale,AFC Wimbledon,0,1,1.66,3.75,4.5,1.66,4.0,4.75,Bet365,0.75,2.03,1.83,0.75,1.9,1.95,Bet365,3.0,2.03,1.83,3.0,2.0,1.85,Bet365,//www.nowgoal5.com/oddscomp/718024
2013-01-05,Barnet,Bradford City,2,0,2.62,3.4,2.4,3.6,3.5,2.0,Bet365,-0.25,1.83,2.03,-0.25,2.03,1.83,Bet365,2.5,1.83,2.03,2.5,1.93,1.93,Bet365,//www.nowgoal5.com/oddscomp/718027
2013-01-05,York City,Exeter City,1,2,2.4,3.4,2.62,2.0,3.6,3.5,Bet365,0.0,1.78,2.1,0.25,1.78,2.1,Bet365,2.75,1.98,1.88,2.75,2.15,1.73,Bet365,//www.nowgoal5.com/oddscomp/718019
2013-01-08,Morecambe,Dagenham   Redbridge,2,1,2.37,3.5,2.8,2.3,3.5,2.9,Bet365,0.0,1.78,2.1,0.25,2.05,1.8,Bet365,2.5,1.88,1.98,2.5,1.83,2.03,Bet365,//www.nowgoal5.com/oddscomp/717789
2013-01-12,Chesterfield,Northampton Town,3,0,2.1,3.3,3.2,2.25,3.7,3.25,Bet365,0.25,1.9,1.95,0.25,1.88,1.98,Bet365,2.5,1.83,2.03,2.5,1.7,2.2,Bet365,//www.nowgoal5.com/oddscomp/718017
2013-01-12,Dagenham   Redbridge,Rochdale,2,1,2.25,3.3,2.9,2.4,3.6,3.0,Bet365,0.25,2.03,1.83,0.25,2.1,1.78,Bet365,2.75,1.88,1.98,2.75,1.85,2.0,Bet365,//www.nowgoal5.com/oddscomp/718009
2013-01-12,Aldershot Town,Accrington Stanley,2,0,2.1,3.3,3.2,1.9,3.7,4.33,Bet365,0.25,1.85,2.0,0.5,1.83,2.03,Bet365,2.5,1.95,1.9,2.5,2.0,1.85,Bet365,//www.nowgoal5.com/oddscomp/718010
2013-01-12,Plymouth Argyle,Morecambe,2,1,2.3,3.3,2.8,2.25,3.5,3.4,Bet365,0.0,1.73,2.15,0.25,1.85,2.0,Bet365,2.5,2.03,1.83,2.5,1.95,1.9,Bet365,//www.nowgoal5.com/oddscomp/718011
2013-01-12,Gillingham,Port Vale,1,2,2.2,3.3,3.0,2.05,3.7,3.8,Bet365,0.25,1.8,2.05,0.25,1.73,2.15,Bet365,2.5,1.85,2.0,2.75,1.8,2.05,Bet365,//www.nowgoal5.com/oddscomp/718012
2013-01-12,Bradford City,Oxford United,1,2,2.0,3.3,3.4,2.15,3.4,3.75,Bet365,0.5,1.95,1.9,0.5,2.03,1.83,Bet365,2.5,1.83,2.03,2.5,1.95,1.9,Bet365,//www.nowgoal5.com/oddscomp/718013
2013-01-12,Fleetwood Town,Bristol Rovers,0,3,1.72,3.5,4.33,1.66,4.2,5.5,Bet365,0.75,1.75,2.13,0.75,1.7,2.2,Bet365,2.75,1.98,1.88,2.75,1.95,1.9,Bet365,//www.nowgoal5.com/oddscomp/718014
2013-01-12,AFC Wimbledon,Wycombe Wanderers,2,2,2.3,3.3,2.8,2.62,3.6,2.7,Bet365,0.0,1.98,1.88,0.0,1.98,1.88,Bet365,2.5,1.83,2.03,2.5,1.9,1.95,Bet365,//www.nowgoal5.com/oddscomp/718016
2013-01-12,Cheltenham Town,York City,1,1,1.8,3.4,4.0,2.2,3.5,3.5,Bet365,0.5,2.0,1.85,0.25,1.85,2.0,Bet365,2.5,1.9,1.95,2.5,1.95,1.9,Bet365,//www.nowgoal5.com/oddscomp/718018
2013-01-12,Exeter City,Southend United,3,0,2.3,3.25,2.87,2.9,3.5,2.55,Bet365,0.0,1.93,1.93,0.0,2.03,1.83,Bet365,2.5,1.93,1.93,2.5,1.93,1.93,Bet365,//www.nowgoal5.com/oddscomp/718008
2013-01-12,Burton Albion,Torquay United,2,1,2.2,3.3,3.0,2.2,3.4,3.6,Bet365,0.5,2.1,1.78,0.5,2.2,1.7,Bet365,2.5,1.93,1.93,2.5,1.85,2.0,Bet365,//www.nowgoal5.com/oddscomp/718007
2013-01-12,Rotherham United,Barnet,0,2,1.44,4.0,6.5,1.53,4.33,7.0,Bet365,1.0,1.83,2.03,1.0,1.78,2.1,Bet365,2.75,2.03,1.83,2.75,1.88,1.98,Bet365,//www.nowgoal5.com/oddscomp/718015
2013-01-15,Torquay United,Exeter City,1,1,2.25,3.4,2.8,2.6,3.6,2.75,Bet365,0.0,1.8,2.05,0.0,1.88,1.98,Bet365,2.75,2.03,1.83,2.5,1.85,2.0,Bet365,//www.nowgoal5.com/oddscomp/717790
2013-01-18,Morecambe,Cheltenham Town,0,0,2.75,3.25,2.37,2.75,3.4,2.7,Bet365,0.0,1.88,1.98,0.0,1.93,1.93,Bet365,2.5,1.98,1.88,2.5,1.95,1.9,Bet365,//www.nowgoal5.com/oddscomp/717995
2013-01-19,Wycombe Wanderers,Dagenham   Redbridge,1,0,2.25,3.3,2.9,2.6,3.4,2.87,Bet365,0.25,2.0,1.85,0.0,1.78,2.1,Bet365,2.75,2.05,1.8,2.75,2.2,1.7,Bet365,//www.nowgoal5.com/oddscomp/718002
2013-01-19,York City,Aldershot Town,0,0,2.0,3.3,3.4,2.15,3.6,3.6,Bet365,0.5,2.03,1.83,0.25,1.75,2.13,Bet365,2.5,1.9,1.95,2.5,2.05,1.8,Bet365,//www.nowgoal5.com/oddscomp/718000
2013-01-19,Northampton Town,Burton Albion,1,0,2.1,3.3,3.2,2.0,3.75,3.8,Bet365,0.5,1.98,1.88,0.5,2.13,1.75,Bet365,2.5,1.8,2.05,2.5,1.73,2.15,Bet365,//www.nowgoal5.com/oddscomp/718005
2013-01-22,Aldershot Town,Northampton Town,1,2,2.3,3.3,2.8,2.6,3.5,2.8,Bet365,0.25,2.1,1.78,0.0,1.85,2.0,Bet365,2.5,1.88,1.98,2.25,1.88,1.98,Bet365,//www.nowgoal5.com/oddscomp/717993
2013-01-24,AFC Wimbledon,Port Vale,2,2,3.5,3.5,1.9,4.0,3.8,1.95,Bet365,-0.5,1.93,1.93,-0.5,1.93,1.93,Bet365,2.75,1.98,1.88,2.75,1.93,1.93,Bet365,//www.nowgoal5.com/oddscomp/717987
2013-01-25,Cheltenham Town,Rochdale,0,0,1.9,3.5,4.0,2.05,3.7,3.75,Bet365,0.5,1.93,1.93,0.5,2.03,1.83,Bet365,2.75,1.9,1.95,2.75,1.98,1.88,Bet365,//www.nowgoal5.com/oddscomp/717983
2013-01-26,Dagenham   Redbridge,Morecambe,1,2,2.0,3.5,3.6,2.25,3.3,3.6,Bet365,0.25,1.78,2.1,0.25,1.83,2.03,Bet365,2.5,1.85,2.0,2.5,1.95,1.9,Bet365,//www.nowgoal5.com/oddscomp/717988
2013-01-26,Plymouth Argyle,Accrington Stanley,0,0,2.25,3.25,3.2,1.83,3.6,5.0,Bet365,0.25,1.8,2.05,0.5,1.83,2.03,Bet365,2.5,1.88,1.98,2.5,1.9,1.95,Bet365,//www.nowgoal5.com/oddscomp/717994
2013-01-26,Burton Albion,Barnet,1,0,1.9,3.6,3.8,2.0,3.6,4.0,Bet365,0.75,2.05,1.8,0.5,1.95,1.9,Bet365,2.75,2.03,1.83,2.75,2.2,1.7,Bet365,//www.nowgoal5.com/oddscomp/717991
2013-01-26,Fleetwood Town,Oxford United,3,0,2.25,3.4,3.1,2.6,3.4,2.9,Bet365,0.25,1.9,1.95,0.25,2.13,1.75,Bet365,2.5,1.88,1.98,2.5,1.9,1.95,Bet365,//www.nowgoal5.com/oddscomp/717990
2013-01-26,Rotherham United,Bristol Rovers,1,3,1.8,3.75,4.2,1.7,4.0,5.5,Bet365,0.75,1.9,1.95,1.0,2.15,1.73,Bet365,2.75,1.8,2.05,2.75,1.83,2.03,Bet365,//www.nowgoal5.com/oddscomp/717986
2013-01-26,Gillingham,York City,1,1,1.8,3.5,4.5,1.7,4.0,5.25,Bet365,0.75,1.93,1.93,0.75,1.93,1.93,Bet365,2.5,1.83,2.03,2.5,1.88,1.98,Bet365,//www.nowgoal5.com/oddscomp/717985
2013-01-26,Chesterfield,Southend United,0,1,2.25,3.4,3.1,2.4,3.4,3.2,Bet365,0.25,1.98,1.88,0.25,1.95,1.9,Bet365,2.5,1.95,1.9,2.5,1.88,1.98,Bet365,//www.nowgoal5.com/oddscomp/717984
2013-01-28,Exeter City,Torquay United,0,1,2.0,3.4,3.75,2.05,3.6,3.8,Bet365,0.5,2.03,1.83,0.5,2.1,1.78,Bet365,2.5,1.9,1.95,2.5,1.8,2.05,Bet365,//www.nowgoal5.com/oddscomp/717989
2013-01-29,Gillingham,Northampton Town,2,0,1.9,3.75,4.33,1.85,4.0,4.2,Bet365,0.5,1.85,2.0,0.5,1.88,1.98,Bet365,2.5,1.8,2.05,2.75,1.9,1.95,Bet365,//www.nowgoal5.com/oddscomp/718053
2013-01-29,Oxford United,Burton Albion,1,1,2.0,3.4,3.75,2.0,3.6,4.0,Bet365,0.25,1.88,1.98,0.5,1.98,1.88,Bet365,2.5,1.88,1.98,2.5,1.85,2.0,Bet365,//www.nowgoal5.com/oddscomp/718025
2013-02-01,Bristol Rovers,Barnet,2,1,2.0,3.4,3.75,2.05,3.5,4.0,Bet365,0.25,1.88,1.98,0.5,2.03,1.83,Bet365,2.5,1.98,1.88,2.5,2.0,1.85,Bet365,//www.nowgoal5.com/oddscomp/717971
2013-02-02,Fleetwood Town,Bradford City,2,2,2.25,3.25,3.2,2.5,3.4,3.0,Bet365,0.25,2.05,1.8,0.0,1.7,2.2,Bet365,2.25,1.85,2.0,2.25,1.8,2.05,Bet365,//www.nowgoal5.com/oddscomp/717976
2013-02-02,York City,Morecambe,1,4,2.1,3.25,3.6,2.1,3.5,3.75,Bet365,0.25,1.8,2.05,0.25,1.8,2.05,Bet365,2.5,2.03,1.83,2.5,2.03,1.83,Bet365,//www.nowgoal5.com/oddscomp/717980
2013-02-02,Rotherham United,Northampton Town,3,1,2.2,3.25,3.3,2.05,3.6,3.8,Bet365,0.25,1.83,2.03,0.5,1.98,1.88,Bet365,2.75,2.0,1.85,2.75,1.9,1.95,Bet365,//www.nowgoal5.com/oddscomp/717981
2013-02-02,Plymouth Argyle,Dagenham   Redbridge,0,0,2.3,3.3,3.1,2.5,3.3,2.8,Bet365,0.25,1.98,1.88,0.25,2.15,1.73,Bet365,2.5,1.93,1.93,2.5,1.93,1.93,Bet365,//www.nowgoal5.com/oddscomp/717982
2013-02-02,AFC Wimbledon,Burton Albion,1,1,2.75,3.3,2.5,2.6,3.5,2.8,Bet365,0.0,2.05,1.8,0.0,1.85,2.0,Bet365,2.5,1.9,1.95,2.5,1.88,1.98,Bet365,//www.nowgoal5.com/oddscomp/717979
2013-02-02,Rochdale,Chesterfield,1,1,2.25,3.25,3.2,2.62,3.5,2.8,Bet365,0.25,2.03,1.83,0.0,1.9,1.95,Bet365,2.5,1.93,1.93,2.5,1.83,2.03,Bet365,//www.nowgoal5.com/oddscomp/717975
2013-02-02,Southend United,Oxford United,1,0,2.1,3.4,3.4,1.95,3.6,4.2,Bet365,0.5,2.05,1.8,0.5,1.88,1.98,Bet365,2.5,2.0,1.85,2.5,1.85,2.0,Bet365,//www.nowgoal5.com/oddscomp/717974
2013-02-02,Cheltenham Town,Torquay United,2,1,1.9,3.4,4.0,1.9,3.6,4.5,Bet365,0.5,2.05,1.8,0.5,1.9,1.95,Bet365,2.5,2.03,1.83,2.5,1.98,1.88,Bet365,//www.nowgoal5.com/oddscomp/717972
2013-02-02,Port Vale,Accrington Stanley,3,0,1.57,3.8,6.0,1.53,4.5,6.5,Bet365,1.0,1.98,1.88,1.0,1.83,2.03,Bet365,2.75,2.03,1.83,2.75,1.98,1.88,Bet365,//www.nowgoal5.com/oddscomp/717977
2013-02-02,Exeter City,Aldershot Town,0,0,1.83,3.4,4.5,2.2,3.3,3.75,Bet365,0.5,1.95,1.9,0.5,2.13,1.75,Bet365,2.5,1.98,1.88,2.5,2.1,1.78,Bet365,//www.nowgoal5.com/oddscomp/717978
2013-02-04,Gillingham,Wycombe Wanderers,0,1,1.57,3.8,6.0,1.65,4.2,5.5,Bet365,0.75,1.75,2.13,1.0,2.05,1.8,Bet365,2.5,1.78,2.1,2.75,1.88,1.98,Bet365,//www.nowgoal5.com/oddscomp/717973
2013-02-05,Port Vale,AFC Wimbledon,3,0,1.57,4.0,5.5,1.61,4.2,6.0,Bet365,1.25,2.0,1.85,1.0,2.1,1.78,Bet365,2.75,1.8,2.05,2.75,1.75,2.13,Bet365,//www.nowgoal5.com/oddscomp/717786
2013-02-05,Cheltenham Town,Bristol Rovers,1,1,1.8,3.6,4.33,2.05,3.5,4.0,Bet365,0.75,2.03,1.83,0.5,2.0,1.85,Bet365,2.75,2.0,1.85,2.5,1.8,2.05,Bet365,//www.nowgoal5.com/oddscomp/718044
2013-02-09,Torquay United,Fleetwood Town,0,1,2.25,3.5,3.0,2.9,3.4,2.6,Bet365,0.25,2.2,1.7,0.0,2.13,1.75,Bet365,2.5,2.1,1.78,2.5,2.1,1.78,Bet365,//www.nowgoal5.com/oddscomp/717960
2013-02-09,Barnet,Port Vale,0,0,3.3,3.5,2.1,4.0,3.75,1.95,Bet365,-0.25,2.03,1.83,-0.5,1.88,1.98,Bet365,2.5,1.95,1.9,2.5,1.85,2.0,Bet365,//www.nowgoal5.com/oddscomp/717961
2013-02-09,Burton Albion,Rotherham United,2,0,2.5,3.4,2.7,3.75,3.5,2.1,Bet365,0.0,2.0,1.85,-0.25,2.1,1.78,Bet365,2.5,1.9,1.95,2.5,1.78,2.1,Bet365,//www.nowgoal5.com/oddscomp/717962
2013-02-09,Morecambe,Exeter City,0,3,2.5,3.5,2.62,2.37,3.4,3.25,Bet365,0.0,1.88,1.98,0.25,1.98,1.88,Bet365,2.5,2.13,1.75,2.5,1.88,1.98,Bet365,//www.nowgoal5.com/oddscomp/717963
2013-02-09,Wycombe Wanderers,York City,4,0,2.3,3.4,3.0,2.37,3.5,3.1,Bet365,0.25,2.1,1.78,0.25,2.1,1.78,Bet365,2.5,2.1,1.78,2.5,2.1,1.78,Bet365,//www.nowgoal5.com/oddscomp/717964
2013-02-09,Accrington Stanley,Southend United,1,1,3.1,3.5,2.2,3.6,3.4,2.2,Bet365,-0.25,1.95,1.9,-0.25,1.93,1.93,Bet365,2.5,1.95,1.9,2.5,1.98,1.88,Bet365,//www.nowgoal5.com/oddscomp/717965
2013-02-09,Aldershot Town,Plymouth Argyle,1,2,2.2,3.5,3.1,2.1,3.4,4.0,Bet365,0.25,1.98,1.88,0.25,1.68,2.25,Bet365,2.25,2.0,1.85,2.25,2.05,1.8,Bet365,//www.nowgoal5.com/oddscomp/717966
2013-02-09,Chesterfield,AFC Wimbledon,2,0,1.8,3.75,4.2,1.8,3.8,4.75,Bet365,0.5,1.78,2.1,0.75,1.98,1.88,Bet365,2.5,1.88,1.98,2.5,1.85,2.0,Bet365,//www.nowgoal5.com/oddscomp/717967
2013-02-09,Dagenham   Redbridge,Cheltenham Town,1,0,2.7,3.4,2.5,2.8,3.4,2.7,Bet365,0.0,1.88,1.98,0.0,1.98,1.88,Bet365,2.5,2.05,1.8,2.5,1.9,1.95,Bet365,//www.nowgoal5.com/oddscomp/717968
2013-02-09,Northampton Town,Rochdale,3,1,1.9,3.6,3.8,2.1,3.6,3.75,Bet365,0.5,1.98,1.88,0.5,2.03,1.83,Bet365,2.75,2.1,1.78,2.75,1.98,1.88,Bet365,//www.nowgoal5.com/oddscomp/717969
2013-02-09,Oxford United,Bristol Rovers,0,2,2.0,3.6,3.5,2.2,3.5,3.5,Bet365,0.5,2.0,1.85,0.5,2.15,1.73,Bet365,2.75,2.05,1.8,2.75,2.05,1.8,Bet365,//www.nowgoal5.com/oddscomp/717959
2013-02-09,Bradford City,Gillingham,0,1,2.62,3.5,2.5,2.5,3.4,3.0,Bet365,0.0,2.0,1.85,0.0,1.73,2.15,Bet365,2.5,2.1,1.78,2.5,1.95,1.9,Bet365,//www.nowgoal5.com/oddscomp/717970
2013-02-12,Morecambe,Aldershot Town,2,1,2.1,3.3,3.5,2.4,3.3,3.25,Bet365,0.25,1.9,1.95,0.25,2.0,1.85,Bet365,2.25,1.85,2.0,2.25,2.0,1.85,Bet365,//www.nowgoal5.com/oddscomp/718028
2013-02-12,Torquay United,Rotherham United,1,3,2.8,3.3,2.5,3.2,3.4,2.37,Bet365,0.0,2.1,1.78,-0.25,1.9,1.95,Bet365,2.5,2.0,1.85,2.5,1.9,1.95,Bet365,//www.nowgoal5.com/oddscomp/718029
2013-02-12,Oxford United,Fleetwood Town,1,2,2.37,3.4,2.87,2.6,3.4,2.87,Bet365,0.0,1.83,2.03,0.0,1.75,2.13,Bet365,2.5,2.0,1.85,2.25,1.78,2.1,Bet365,//www.nowgoal5.com/oddscomp/717787
2013-02-12,York City,Gillingham,0,0,3.5,3.5,2.2,3.1,3.4,2.45,Bet365,-0.25,2.0,1.85,-0.25,1.75,2.13,Bet365,2.5,2.0,1.85,2.25,1.85,2.0,Bet365,//www.nowgoal5.com/oddscomp/717784
2013-02-12,Wycombe Wanderers,Bradford City,0,3,2.4,3.4,2.8,2.6,3.5,2.8,Bet365,0.25,2.05,1.8,0.0,1.93,1.93,Bet365,2.5,1.95,1.9,2.5,1.98,1.88,Bet365,//www.nowgoal5.com/oddscomp/717785
2013-02-12,Southend United,Cheltenham Town,1,2,2.37,3.3,2.9,2.4,3.5,3.1,Bet365,0.25,1.83,2.03,0.25,2.1,1.78,Bet365,2.5,2.0,1.85,2.5,2.05,1.8,Bet365,//www.nowgoal5.com/oddscomp/718022
2013-02-15,Exeter City,Accrington Stanley,2,0,1.57,3.6,5.5,1.8,3.7,5.0,Bet365,0.75,1.93,1.93,0.75,2.1,1.78,Bet365,2.75,2.03,1.83,2.5,1.8,2.05,Bet365,//www.nowgoal5.com/oddscomp/717947
2013-02-16,Southend United,Northampton Town,1,2,2.1,3.4,3.1,2.37,3.3,3.3,Bet365,0.25,1.83,2.03,0.25,1.98,1.88,Bet365,2.5,1.98,1.88,2.5,1.9,1.95,Bet365,//www.nowgoal5.com/oddscomp/717958
2013-02-16,York City,Barnet,1,2,2.0,3.3,3.4,2.1,3.5,3.8,Bet365,0.5,2.1,1.78,0.5,2.0,1.85,Bet365,2.5,2.05,1.8,2.5,2.13,1.75,Bet365,//www.nowgoal5.com/oddscomp/717956
2013-02-16,AFC Wimbledon,Bradford City,2,1,2.5,3.4,2.5,3.75,3.25,2.2,Bet365,0.0,2.03,1.83,-0.25,2.05,1.8,Bet365,2.5,1.95,1.9,2.5,1.95,1.9,Bet365,//www.nowgoal5.com/oddscomp/717955
2013-02-16,Plymouth Argyle,Oxford United,0,1,2.4,3.4,2.62,2.7,3.25,2.87,Bet365,0.0,1.85,2.0,0.0,1.8,2.05,Bet365,2.5,2.15,1.73,2.5,2.03,1.83,Bet365,//www.nowgoal5.com/oddscomp/717954
2013-02-16,Gillingham,Dagenham   Redbridge,2,1,1.61,3.6,5.0,1.83,3.75,4.75,Bet365,0.75,1.98,1.88,0.75,2.03,1.83,Bet365,2.75,1.93,1.93,2.75,2.13,1.75,Bet365,//www.nowgoal5.com/oddscomp/717953
2013-02-16,Cheltenham Town,Aldershot Town,1,1,1.8,3.5,4.0,2.05,3.6,3.8,Bet365,0.5,1.88,1.98,0.5,1.98,1.88,Bet365,2.5,2.05,1.8,2.5,2.15,1.73,Bet365,//www.nowgoal5.com/oddscomp/717952
2013-02-16,Port Vale,Morecambe,0,1,1.5,4.0,5.5,1.7,3.9,5.5,Bet365,1.0,2.03,1.83,1.0,2.25,1.68,Bet365,2.75,1.88,1.98,2.75,2.05,1.8,Bet365,//www.nowgoal5.com/oddscomp/717951
2013-02-16,Fleetwood Town,Burton Albion,0,4,2.1,3.4,3.1,2.0,3.6,4.0,Bet365,0.25,1.83,2.03,0.25,1.7,2.2,Bet365,2.25,1.95,1.9,2.25,1.83,2.03,Bet365,//www.nowgoal5.com/oddscomp/717950
2013-02-16,Rotherham United,Chesterfield,1,0,1.9,3.4,3.6,2.1,3.5,3.75,Bet365,0.5,2.03,1.83,0.5,2.1,1.78,Bet365,2.5,1.93,1.93,2.5,1.85,2.0,Bet365,//www.nowgoal5.com/oddscomp/717949
2013-02-16,Rochdale,Torquay United,1,0,2.25,3.3,2.87,1.95,3.6,4.2,Bet365,0.25,1.98,1.88,0.5,1.93,1.93,Bet365,2.5,1.88,1.98,2.5,1.75,2.13,Bet365,//www.nowgoal5.com/oddscomp/717948
2013-02-16,Bristol Rovers,Wycombe Wanderers,1,0,2.1,3.25,3.25,2.2,3.6,3.4,Bet365,0.25,1.98,1.88,0.25,1.93,1.93,Bet365,2.5,1.85,2.0,2.5,1.78,2.1,Bet365,//www.nowgoal5.com/oddscomp/717957
2013-02-19,AFC Wimbledon,Northampton Town,1,1,2.9,3.4,2.37,2.87,3.6,2.5,Bet365,-0.25,1.88,1.98,0.0,2.03,1.83,Bet365,2.5,1.78,2.1,2.5,1.88,1.98,Bet365,//www.nowgoal5.com/oddscomp/718066
2013-02-19,Bristol Rovers,Rotherham United,1,2,2.87,3.4,2.37,2.87,3.6,2.5,Bet365,-0.25,1.85,2.0,-0.25,1.78,2.1,Bet365,2.75,2.05,1.8,2.75,2.05,1.8,Bet365,//www.nowgoal5.com/oddscomp/717783
2013-02-19,Aldershot Town,Torquay United,1,0,2.2,3.3,3.25,2.25,3.3,3.6,Bet365,0.25,2.0,1.85,0.25,1.9,1.95,Bet365,2.25,1.93,1.93,2.25,1.95,1.9,Bet365,//www.nowgoal5.com/oddscomp/718049
2013-02-23,Oxford United,York City,0,0,2.1,3.4,3.4,2.05,3.5,4.0,Bet365,0.5,2.13,1.75,0.5,2.0,1.85,Bet365,2.5,1.88,1.98,2.5,2.03,1.83,Bet365,//www.nowgoal5.com/oddscomp/717936
2013-02-23,Dagenham   Redbridge,AFC Wimbledon,0,1,1.9,3.4,4.0,2.15,3.6,3.6,Bet365,0.5,1.95,1.9,0.5,2.15,1.73,Bet365,2.75,2.1,1.78,2.75,1.95,1.9,Bet365,//www.nowgoal5.com/oddscomp/717937
2013-02-23,Wycombe Wanderers,Southend United,1,2,2.6,3.2,2.7,2.6,3.25,3.0,Bet365,0.0,1.9,1.95,0.0,1.8,2.05,Bet365,2.5,1.9,1.95,2.5,1.93,1.93,Bet365,//www.nowgoal5.com/oddscomp/717938
2013-02-23,Accrington Stanley,Cheltenham Town,2,2,2.87,3.4,2.37,3.75,3.25,2.2,Bet365,-0.25,1.83,2.03,-0.25,1.98,1.88,Bet365,2.5,2.05,1.8,2.5,2.05,1.8,Bet365,//www.nowgoal5.com/oddscomp/717939
2013-02-23,Aldershot Town,Fleetwood Town,2,0,2.87,3.4,2.37,2.5,3.4,3.0,Bet365,-0.25,1.88,1.98,0.0,1.7,2.2,Bet365,2.5,2.05,1.8,2.5,2.05,1.8,Bet365,//www.nowgoal5.com/oddscomp/717940
2013-02-23,Barnet,Rochdale,0,0,2.37,3.4,2.87,2.9,3.4,2.6,Bet365,0.0,1.8,2.05,0.0,2.03,1.83,Bet365,2.75,2.1,1.78,2.75,2.25,1.68,Bet365,//www.nowgoal5.com/oddscomp/717942
2013-02-23,Northampton Town,Plymouth Argyle,1,0,1.72,3.6,4.75,1.8,3.9,4.6,Bet365,0.75,2.0,1.85,0.5,1.73,2.15,Bet365,2.5,1.8,2.05,2.5,1.9,1.95,Bet365,//www.nowgoal5.com/oddscomp/717943
2013-02-23,Morecambe,Bristol Rovers,1,1,2.1,3.4,3.4,2.35,3.4,3.25,Bet365,0.5,2.13,1.75,0.25,1.93,1.93,Bet365,2.5,1.85,2.0,2.5,2.0,1.85,Bet365,//www.nowgoal5.com/oddscomp/717944
2013-02-23,Torquay United,Port Vale,0,1,3.4,3.4,2.1,3.75,3.5,2.1,Bet365,-0.25,2.13,1.75,-0.25,2.13,1.75,Bet365,2.75,2.03,1.83,2.75,2.1,1.78,Bet365,//www.nowgoal5.com/oddscomp/717945
2013-02-23,Chesterfield,Gillingham,0,1,2.87,3.4,2.37,2.7,3.4,2.75,Bet365,-0.25,1.83,2.03,0.0,1.85,2.0,Bet365,2.25,1.83,2.03,2.25,1.8,2.05,Bet365,//www.nowgoal5.com/oddscomp/717941
2013-02-23,Burton Albion,Exeter City,4,2,2.3,3.4,3.0,2.3,3.5,3.25,Bet365,0.25,1.98,1.88,0.25,1.9,1.95,Bet365,2.5,1.88,1.98,2.5,1.88,1.98,Bet365,//www.nowgoal5.com/oddscomp/717935
2013-02-26,Gillingham,Oxford United,0,1,1.66,3.8,5.0,1.85,3.8,4.5,Bet365,0.75,1.93,1.93,0.5,1.88,1.98,Bet365,2.75,1.98,1.88,2.5,1.98,1.88,Bet365,//www.nowgoal5.com/oddscomp/717931
2013-02-26,Barnet,Southend United,2,0,2.7,3.4,2.5,3.1,3.4,2.45,Bet365,-0.25,1.83,2.03,-0.25,1.88,1.98,Bet365,2.25,1.85,2.0,2.25,1.85,2.0,Bet365,//www.nowgoal5.com/oddscomp/717925
2013-02-26,Port Vale,Exeter City,0,2,1.8,3.5,4.5,1.72,4.0,5.0,Bet365,0.5,1.83,2.03,0.75,1.98,1.88,Bet365,2.75,2.0,1.85,2.5,1.98,1.88,Bet365,//www.nowgoal5.com/oddscomp/717930
2013-02-26,Fleetwood Town,Cheltenham Town,1,1,2.3,3.4,3.0,2.6,3.4,2.87,Bet365,0.25,2.05,1.8,0.0,1.8,2.05,Bet365,2.25,1.95,1.9,2.25,1.95,1.9,Bet365,//www.nowgoal5.com/oddscomp/717929
2013-02-26,Northampton Town,Bristol Rovers,1,0,2.0,3.4,3.75,2.05,3.6,3.8,Bet365,0.5,2.03,1.83,0.5,2.03,1.83,Bet365,2.75,2.0,1.85,2.75,2.0,1.85,Bet365,//www.nowgoal5.com/oddscomp/717928
2013-02-26,Rochdale,Accrington Stanley,0,3,1.83,3.5,4.33,1.85,3.8,4.5,Bet365,0.5,1.83,2.03,0.5,1.8,2.05,Bet365,2.5,1.9,1.95,2.5,1.75,2.13,Bet365,//www.nowgoal5.com/oddscomp/717927
2013-02-26,Burton Albion,Morecambe,3,2,1.8,3.5,4.5,2.0,3.6,4.0,Bet365,0.5,2.0,1.85,0.5,1.98,1.88,Bet365,2.5,1.9,1.95,2.5,1.88,1.98,Bet365,//www.nowgoal5.com/oddscomp/717926
2013-02-26,AFC Wimbledon,Plymouth Argyle,1,1,2.2,3.4,3.2,2.25,3.6,3.25,Bet365,0.25,2.05,1.8,0.25,1.85,2.0,Bet365,2.5,2.05,1.8,2.25,1.83,2.03,Bet365,//www.nowgoal5.com/oddscomp/717934
2013-02-26,Torquay United,Wycombe Wanderers,1,2,2.37,3.4,2.87,2.6,3.4,2.87,Bet365,0.25,2.13,1.75,0.0,1.83,2.03,Bet365,2.5,2.05,1.8,2.25,1.83,2.03,Bet365,//www.nowgoal5.com/oddscomp/717933
2013-02-26,Rotherham United,York City,1,1,1.61,3.8,5.5,1.72,3.9,5.25,Bet365,0.75,1.88,1.98,0.75,1.95,1.9,Bet365,2.75,1.95,1.9,2.5,1.85,2.0,Bet365,//www.nowgoal5.com/oddscomp/717923
2013-02-26,Chesterfield,Aldershot Town,0,0,2.0,3.4,3.75,2.25,3.4,3.5,Bet365,0.5,2.1,1.78,0.25,1.9,1.95,Bet365,2.25,2.0,1.85,2.25,1.8,2.05,Bet365,//www.nowgoal5.com/oddscomp/717924
2013-02-27,Bradford City,Dagenham   Redbridge,1,1,1.83,3.5,4.33,2.0,3.7,4.0,Bet365,0.5,1.85,2.0,0.5,2.03,1.83,Bet365,2.75,2.0,1.85,2.5,1.8,2.05,Bet365,//www.nowgoal5.com/oddscomp/717932
2013-03-02,Southend United,Rotherham United,1,1,2.5,3.4,2.5,2.9,3.5,2.55,Bet365,0.0,1.78,2.1,0.0,2.03,1.83,Bet365,2.5,1.88,1.98,2.5,1.88,1.98,Bet365,//www.nowgoal5.com/oddscomp/717911
2013-03-02,Bristol Rovers,Burton Albion,3,0,2.5,3.25,2.6,2.62,3.4,2.87,Bet365,0.0,1.8,2.05,0.0,1.8,2.05,Bet365,2.5,1.88,1.98,2.5,1.83,2.03,Bet365,//www.nowgoal5.com/oddscomp/717914
2013-03-02,Plymouth Argyle,Barnet,2,1,2.0,3.4,3.4,2.55,3.3,3.0,Bet365,0.25,1.78,2.1,0.25,2.1,1.78,Bet365,2.25,1.9,1.95,2.25,1.95,1.9,Bet365,//www.nowgoal5.com/oddscomp/717915
2013-03-02,Morecambe,Rochdale,3,0,2.1,3.25,3.25,2.45,3.5,3.0,Bet365,0.25,1.95,1.9,0.25,2.0,1.85,Bet365,2.75,1.93,1.93,2.5,1.9,1.95,Bet365,//www.nowgoal5.com/oddscomp/717916
2013-03-02,York City,Bradford City,0,2,2.5,3.4,2.5,2.8,3.5,2.62,Bet365,0.0,2.15,1.73,0.0,1.95,1.9,Bet365,2.5,2.1,1.78,2.5,2.15,1.73,Bet365,//www.nowgoal5.com/oddscomp/717917
2013-03-02,Wycombe Wanderers,Fleetwood Town,1,0,2.5,3.4,2.5,2.55,3.3,3.0,Bet365,0.0,1.78,2.1,0.25,2.05,1.8,Bet365,2.5,1.98,1.88,2.5,1.95,1.9,Bet365,//www.nowgoal5.com/oddscomp/717918
2013-03-02,Dagenham   Redbridge,Chesterfield,0,1,2.2,3.4,2.87,2.45,3.5,3.0,Bet365,0.25,1.88,1.98,0.25,2.1,1.78,Bet365,2.5,2.0,1.85,2.5,2.0,1.85,Bet365,//www.nowgoal5.com/oddscomp/717919
2013-03-02,Cheltenham Town,AFC Wimbledon,2,1,1.61,3.6,5.0,1.85,3.8,4.5,Bet365,1.0,2.05,1.8,0.75,2.0,1.85,Bet365,2.5,1.83,2.03,2.5,1.9,1.95,Bet365,//www.nowgoal5.com/oddscomp/717920
2013-03-02,Aldershot Town,Gillingham,1,1,3.4,3.4,2.0,3.2,3.4,2.4,Bet365,-0.5,1.75,2.13,-0.25,1.83,2.03,Bet365,2.25,1.88,1.98,2.25,1.95,1.9,Bet365,//www.nowgoal5.com/oddscomp/717921
2013-03-02,Oxford United,Port Vale,2,1,2.6,3.25,2.5,2.8,3.5,2.62,Bet365,-0.25,1.78,2.1,0.0,1.95,1.9,Bet365,2.5,1.9,1.95,2.5,2.0,1.85,Bet365,//www.nowgoal5.com/oddscomp/717922
2013-03-02,Accrington Stanley,Torquay United,0,0,2.3,3.25,2.87,2.25,3.4,3.5,Bet365,0.25,2.0,1.85,0.25,1.9,1.95,Bet365,2.25,1.88,1.98,2.25,1.78,2.1,Bet365,//www.nowgoal5.com/oddscomp/717913
2013-03-02,Exeter City,Northampton Town,3,0,2.3,3.25,2.87,2.3,3.5,3.3,Bet365,0.25,2.05,1.8,0.25,1.98,1.88,Bet365,2.5,1.8,2.05,2.75,2.05,1.8,Bet365,//www.nowgoal5.com/oddscomp/717912
2013-03-05,Cheltenham Town,Chesterfield,1,0,2.2,3.4,3.2,2.1,3.4,4.0,Bet365,0.25,1.88,1.98,0.5,1.98,1.88,Bet365,2.25,1.9,1.95,2.25,1.83,2.03,Bet365,//www.nowgoal5.com/oddscomp/717887
2013-03-05,Oxford United,Rotherham United,0,4,2.37,3.4,2.87,2.75,3.4,2.75,Bet365,0.25,2.1,1.78,0.0,1.98,1.88,Bet365,2.5,1.9,1.95,2.5,1.88,1.98,Bet365,//www.nowgoal5.com/oddscomp/717999
2013-03-05,Port Vale,Bradford City,0,0,1.9,3.6,3.8,2.25,3.5,3.4,Bet365,0.5,1.98,1.88,0.25,1.9,1.95,Bet365,2.5,1.95,1.9,2.5,2.05,1.8,Bet365,//www.nowgoal5.com/oddscomp/718003
2013-03-06,Bristol Rovers,Exeter City,2,0,2.62,3.3,2.62,2.8,3.5,2.62,Bet365,0.0,1.88,1.98,0.0,2.0,1.85,Bet365,2.5,1.85,2.0,2.5,1.83,2.03,Bet365,//www.nowgoal5.com/oddscomp/717998
2013-03-09,Chesterfield,Bristol Rovers,2,0,2.2,3.25,3.0,2.2,3.5,3.5,Bet365,0.5,2.05,1.8,0.5,2.1,1.78,Bet365,2.5,2.1,1.78,2.5,1.98,1.88,Bet365,//www.nowgoal5.com/oddscomp/717906
2013-03-09,AFC Wimbledon,York City,3,2,2.37,3.25,2.75,2.4,3.4,3.2,Bet365,0.25,2.1,1.78,0.25,2.1,1.78,Bet365,2.5,2.1,1.78,2.5,2.03,1.83,Bet365,//www.nowgoal5.com/oddscomp/717910
2013-03-09,Gillingham,Plymouth Argyle,2,1,1.5,4.0,5.5,1.57,4.0,7.0,Bet365,0.75,1.8,2.05,1.0,1.93,1.93,Bet365,2.5,2.1,1.78,2.5,2.03,1.83,Bet365,//www.nowgoal5.com/oddscomp/717909
2013-03-09,Rochdale,Wycombe Wanderers,4,1,2.5,3.25,2.6,2.37,3.4,3.25,Bet365,0.25,2.1,1.78,0.25,2.0,1.85,Bet365,2.5,2.03,1.83,2.5,1.83,2.03,Bet365,//www.nowgoal5.com/oddscomp/717908
2013-03-09,Rotherham United,Dagenham   Redbridge,1,2,1.66,3.5,4.75,1.57,4.2,6.5,Bet365,0.75,2.0,1.85,0.75,1.8,2.05,Bet365,2.5,1.85,2.0,2.5,1.73,2.15,Bet365,//www.nowgoal5.com/oddscomp/717903
2013-03-09,Burton Albion,Cheltenham Town,3,1,2.1,3.25,3.25,2.5,3.4,3.0,Bet365,0.25,2.0,1.85,0.25,2.2,1.7,Bet365,2.5,2.0,1.85,2.5,1.9,1.95,Bet365,//www.nowgoal5.com/oddscomp/717907
2013-03-09,Port Vale,Southend United,1,2,1.9,3.4,3.6,2.1,3.5,3.75,Bet365,0.5,2.03,1.83,0.5,2.1,1.78,Bet365,2.5,1.98,1.88,2.5,1.98,1.88,Bet365,//www.nowgoal5.com/oddscomp/717899
2013-03-09,Fleetwood Town,Exeter City,0,0,2.25,3.4,2.8,2.5,3.3,3.1,Bet365,0.0,1.85,2.0,0.25,2.03,1.83,Bet365,2.5,2.1,1.78,2.5,1.98,1.88,Bet365,//www.nowgoal5.com/oddscomp/717900
2013-03-09,Northampton Town,Accrington Stanley,2,0,1.61,3.6,5.0,1.75,4.0,5.0,Bet365,0.5,1.78,2.1,0.5,1.73,2.15,Bet365,2.5,1.88,1.98,2.5,1.9,1.95,Bet365,//www.nowgoal5.com/oddscomp/717901
2013-03-09,Barnet,Morecambe,4,1,2.5,3.25,2.6,2.45,3.5,3.0,Bet365,0.0,1.88,1.98,0.0,1.75,2.13,Bet365,2.25,1.98,1.88,2.25,1.95,1.9,Bet365,//www.nowgoal5.com/oddscomp/717902
2013-03-09,Torquay United,Oxford United,1,3,2.5,3.4,2.5,3.0,3.3,2.6,Bet365,0.25,2.1,1.78,0.0,2.03,1.83,Bet365,2.5,2.1,1.78,2.5,2.13,1.75,Bet365,//www.nowgoal5.com/oddscomp/717905
2013-03-09,Bradford City,Aldershot Town,1,1,1.9,3.4,3.6,1.95,3.5,4.33,Bet365,0.5,2.05,1.8,0.5,1.93,1.93,Bet365,2.25,1.98,1.88,2.25,1.93,1.93,Bet365,//www.nowgoal5.com/oddscomp/717904
2013-03-12,Aldershot Town,Burton Albion,1,2,2.6,3.4,2.6,2.37,3.4,3.25,Bet365,0.0,1.9,1.95,0.0,1.73,2.15,Bet365,2.25,1.9,1.95,2.25,1.9,1.95,Bet365,//www.nowgoal5.com/oddscomp/717893
2013-03-12,Wycombe Wanderers,Rotherham United,2,2,2.7,3.4,2.5,3.2,3.5,2.37,Bet365,-0.25,1.73,2.15,-0.25,1.93,1.93,Bet365,2.5,1.9,1.95,2.5,1.95,1.9,Bet365,//www.nowgoal5.com/oddscomp/717892
2013-03-12,Accrington Stanley,Fleetwood Town,0,3,2.7,3.4,2.5,3.0,3.4,2.5,Bet365,-0.25,1.8,2.05,0.0,2.1,1.78,Bet365,2.25,2.0,1.85,2.25,2.0,1.85,Bet365,//www.nowgoal5.com/oddscomp/717897
2013-03-12,Morecambe,Northampton Town,1,1,2.5,3.4,2.7,3.0,3.4,2.5,Bet365,0.0,1.98,1.88,0.0,2.15,1.73,Bet365,2.5,2.05,1.8,2.5,1.98,1.88,Bet365,//www.nowgoal5.com/oddscomp/717896
2013-03-12,Dagenham   Redbridge,Torquay United,2,2,2.0,3.4,3.75,2.0,3.5,4.2,Bet365,0.5,2.05,1.8,0.5,2.03,1.83,Bet365,2.25,1.88,1.98,2.25,1.83,2.03,Bet365,//www.nowgoal5.com/oddscomp/717895
2013-03-12,Bristol Rovers,Port Vale,2,0,2.7,3.4,2.5,2.87,3.4,2.6,Bet365,-0.25,1.8,2.05,0.0,2.03,1.83,Bet365,2.5,1.85,2.0,2.5,1.85,2.0,Bet365,//www.nowgoal5.com/oddscomp/717894
2013-03-12,Plymouth Argyle,Bradford City,0,0,2.6,3.4,2.6,3.2,3.4,2.4,Bet365,-0.25,1.8,2.05,-0.25,1.8,2.05,Bet365,2.25,1.95,1.9,2.25,2.0,1.85,Bet365,//www.nowgoal5.com/oddscomp/717891
2013-03-12,Southend United,AFC Wimbledon,1,3,1.83,3.5,4.33,1.85,3.75,4.5,Bet365,0.75,1.88,1.98,0.75,2.0,1.85,Bet365,2.5,1.95,1.9,2.5,1.88,1.98,Bet365,//www.nowgoal5.com/oddscomp/717890
2013-03-12,York City,Rochdale,0,0,2.37,3.4,2.87,2.62,3.5,2.8,Bet365,0.25,1.98,1.88,0.0,1.93,1.93,Bet365,2.5,1.88,1.98,2.5,2.1,1.78,Bet365,//www.nowgoal5.com/oddscomp/717898
2013-03-12,Oxford United,Barnet,1,0,2.0,3.4,3.75,2.1,3.4,4.0,Bet365,0.5,1.88,1.98,0.5,2.1,1.78,Bet365,2.5,2.0,1.85,2.5,2.05,1.8,Bet365,//www.nowgoal5.com/oddscomp/717888
2013-03-12,Exeter City,Gillingham,0,0,2.87,3.4,2.37,3.2,3.4,2.4,Bet365,-0.25,1.8,2.05,-0.25,1.8,2.05,Bet365,2.5,2.05,1.8,2.25,1.8,2.05,Bet365,//www.nowgoal5.com/oddscomp/717889
2013-03-16,York City,Port Vale,0,2,3.0,3.25,2.2,3.0,3.4,2.5,Bet365,-0.25,1.93,1.93,-0.25,1.8,2.05,Bet365,2.5,1.88,1.98,2.5,2.15,1.73,Bet365,//www.nowgoal5.com/oddscomp/717886
2013-03-16,Morecambe,Gillingham,1,1,2.75,3.25,2.37,3.4,3.4,2.3,Bet365,-0.5,1.68,2.25,-0.25,1.95,1.9,Bet365,2.5,2.1,1.78,2.5,2.3,1.65,Bet365,//www.nowgoal5.com/oddscomp/717885
2013-03-16,Exeter City,Bradford City,4,1,2.3,3.4,2.7,2.7,3.4,2.75,Bet365,0.25,1.93,1.93,0.0,1.93,1.93,Bet365,2.25,1.83,2.03,2.25,1.98,1.88,Bet365,//www.nowgoal5.com/oddscomp/717884
2013-03-16,Aldershot Town,AFC Wimbledon,0,1,2.0,3.3,3.4,2.45,3.4,3.1,Bet365,0.25,1.78,2.1,0.25,2.03,1.83,Bet365,2.25,1.85,2.0,2.25,1.95,1.9,Bet365,//www.nowgoal5.com/oddscomp/717883
2013-03-16,Accrington Stanley,Barnet,3,2,2.25,3.4,2.8,2.6,3.4,2.9,Bet365,0.0,1.73,2.15,0.0,1.78,2.1,Bet365,2.25,1.93,1.93,2.25,1.95,1.9,Bet365,//www.nowgoal5.com/oddscomp/717882
2013-03-16,Cheltenham Town,Rotherham United,3,0,2.37,3.4,2.62,2.7,3.4,2.8,Bet365,0.25,1.98,1.88,0.25,2.25,1.68,Bet365,2.5,1.93,1.93,2.5,1.93,1.93,Bet365,//www.nowgoal5.com/oddscomp/717880
2013-03-16,Southend United,Torquay United,1,1,1.8,3.5,4.0,1.75,4.0,5.0,Bet365,0.75,2.05,1.8,0.75,2.05,1.8,Bet365,2.25,1.85,2.0,2.25,1.7,2.2,Bet365,//www.nowgoal5.com/oddscomp/717879
2013-03-16,Bristol Rovers,Rochdale,2,1,1.9,3.5,3.5,2.25,3.8,3.2,Bet365,0.25,1.93,1.93,0.25,1.95,1.9,Bet365,2.75,2.03,1.83,2.75,2.15,1.73,Bet365,//www.nowgoal5.com/oddscomp/717878
2013-03-16,Oxford United,Chesterfield,0,1,2.1,3.25,3.25,2.3,3.4,3.4,Bet365,0.25,1.83,2.03,0.25,1.98,1.88,Bet365,2.25,1.93,1.93,2.25,1.85,2.0,Bet365,//www.nowgoal5.com/oddscomp/717877
2013-03-16,Dagenham   Redbridge,Burton Albion,1,1,2.5,3.4,2.5,2.8,3.4,2.7,Bet365,0.0,1.78,2.1,0.0,2.0,1.85,Bet365,2.5,1.93,1.93,2.5,1.93,1.93,Bet365,//www.nowgoal5.com/oddscomp/717875
2013-03-16,Plymouth Argyle,Fleetwood Town,2,1,2.5,3.4,2.5,2.9,3.4,2.6,Bet365,0.0,2.03,1.83,0.0,2.05,1.8,Bet365,2.25,1.9,1.95,2.25,1.9,1.95,Bet365,//www.nowgoal5.com/oddscomp/717876
2013-03-19,Accrington Stanley,AFC Wimbledon,4,0,2.5,3.4,2.7,2.62,3.4,2.87,Bet365,0.0,1.83,2.03,0.0,1.83,2.03,Bet365,2.5,1.93,1.93,2.5,2.05,1.8,Bet365,//www.nowgoal5.com/oddscomp/717997
2013-03-19,Rochdale,Gillingham,1,1,3.3,3.5,2.1,3.0,3.4,2.5,Bet365,-0.25,2.03,1.83,0.0,2.15,1.73,Bet365,2.5,1.78,2.1,2.5,2.05,1.8,Bet365,//www.nowgoal5.com/oddscomp/718004
2013-03-19,Southend United,Plymouth Argyle,0,2,1.66,3.8,5.0,1.95,3.5,4.33,Bet365,0.75,1.88,1.98,0.5,1.93,1.93,Bet365,2.5,1.9,1.95,2.25,1.88,1.98,Bet365,//www.nowgoal5.com/oddscomp/718001
2013-03-19,Torquay United,Chesterfield,2,1,2.5,3.4,2.7,2.8,3.5,2.62,Bet365,0.0,1.83,2.03,0.0,2.03,1.83,Bet365,2.25,1.9,1.95,2.25,1.85,2.0,Bet365,//www.nowgoal5.com/oddscomp/718006
2013-03-19,Barnet,Fleetwood Town,2,0,2.7,3.4,2.5,2.6,3.4,2.9,Bet365,0.0,2.03,1.83,0.0,1.78,2.1,Bet365,2.25,1.85,2.0,2.25,1.88,1.98,Bet365,//www.nowgoal5.com/oddscomp/717996
2013-03-19,Bradford City,Wycombe Wanderers,1,0,1.72,3.75,4.5,1.85,3.5,5.0,Bet365,0.5,1.73,2.15,0.5,1.85,2.0,Bet365,2.5,1.98,1.88,2.5,2.05,1.8,Bet365,//www.nowgoal5.com/oddscomp/717992
2013-03-23,Barnet,Cheltenham Town,0,0,2.75,3.4,2.3,3.1,3.4,2.45,Bet365,-0.25,1.78,2.1,-0.25,1.85,2.0,Bet365,2.5,2.13,1.75,2.5,2.15,1.73,Bet365,//www.nowgoal5.com/oddscomp/717871
2013-03-23,AFC Wimbledon,Morecambe,2,0,2.37,3.4,2.62,2.1,3.6,3.75,Bet365,0.0,1.8,2.05,0.25,1.8,2.05,Bet365,2.5,1.88,1.98,2.5,1.9,1.95,Bet365,//www.nowgoal5.com/oddscomp/717865
2013-03-23,Gillingham,Accrington Stanley,1,0,1.44,4.0,6.5,1.66,4.0,5.75,Bet365,1.0,1.83,2.03,1.0,2.15,1.73,Bet365,2.5,1.83,2.03,2.5,1.85,2.0,Bet365,//www.nowgoal5.com/oddscomp/717872
2013-03-23,Fleetwood Town,Dagenham   Redbridge,2,1,1.83,3.5,3.8,2.05,3.5,3.9,Bet365,0.5,2.03,1.83,0.5,2.1,1.78,Bet365,2.5,2.1,1.78,2.25,1.88,1.98,Bet365,//www.nowgoal5.com/oddscomp/717870
2013-03-23,Torquay United,York City,2,1,2.2,3.4,2.87,2.25,3.3,3.6,Bet365,0.25,1.98,1.88,0.25,1.88,1.98,Bet365,2.25,1.93,1.93,2.25,2.0,1.85,Bet365,//www.nowgoal5.com/oddscomp/717869
2013-03-23,Northampton Town,Oxford United,1,0,1.8,3.5,4.0,2.2,3.5,3.5,Bet365,0.5,1.83,2.03,0.5,2.2,1.7,Bet365,2.5,1.88,1.98,2.5,2.03,1.83,Bet365,//www.nowgoal5.com/oddscomp/717874
2013-03-29,Northampton Town,Torquay United,1,0,1.9,3.5,4.0,1.8,3.8,4.75,Bet365,0.5,1.93,1.93,0.5,1.83,2.03,Bet365,2.5,1.95,1.9,2.5,1.98,1.88,Bet365,//www.nowgoal5.com/oddscomp/717858
2013-03-29,Rochdale,Aldershot Town,1,1,2.1,3.4,3.4,2.15,3.4,3.75,Bet365,0.5,2.05,1.8,0.5,2.1,1.78,Bet365,2.5,2.03,1.83,2.5,2.1,1.78,Bet365,//www.nowgoal5.com/oddscomp/717857
2013-03-29,Barnet,Dagenham   Redbridge,0,0,2.2,3.4,3.2,2.25,3.5,3.4,Bet365,0.0,1.73,2.15,0.25,1.88,1.98,Bet365,2.5,2.03,1.83,2.5,2.05,1.8,Bet365,//www.nowgoal5.com/oddscomp/717856
2013-03-29,Oxford United,Morecambe,1,1,1.9,3.5,4.0,2.0,3.6,4.0,Bet365,0.25,1.78,2.1,0.5,1.95,1.9,Bet365,2.5,1.98,1.88,2.5,1.95,1.9,Bet365,//www.nowgoal5.com/oddscomp/717855
2013-03-29,Wycombe Wanderers,Accrington Stanley,0,1,2.0,3.5,3.6,2.15,3.5,3.6,Bet365,0.5,2.03,1.83,0.5,2.13,1.75,Bet365,2.5,1.95,1.9,2.5,1.88,1.98,Bet365,//www.nowgoal5.com/oddscomp/717854
2013-03-29,Port Vale,Cheltenham Town,3,2,2.1,3.4,3.4,2.3,3.4,3.4,Bet365,0.5,2.03,1.83,0.25,1.98,1.88,Bet365,2.5,1.98,1.88,2.5,2.13,1.75,Bet365,//www.nowgoal5.com/oddscomp/717853
2013-03-29,Rotherham United,AFC Wimbledon,1,0,1.72,3.8,4.5,1.66,4.2,5.25,Bet365,0.75,1.9,1.95,0.75,1.8,2.05,Bet365,2.75,1.98,1.88,2.75,1.85,2.0,Bet365,//www.nowgoal5.com/oddscomp/717851
2013-03-29,Bradford City,Southend United,2,2,2.1,3.4,3.4,2.0,3.6,4.0,Bet365,0.25,1.85,2.0,0.5,1.98,1.88,Bet365,2.25,1.93,1.93,2.25,1.78,2.1,Bet365,//www.nowgoal5.com/oddscomp/717852
2013-03-30,Burton Albion,Chesterfield,0,1,2.0,3.5,3.6,2.15,3.4,3.7,Bet365,0.5,2.0,1.85,0.5,2.13,1.75,Bet365,2.25,1.88,1.98,2.25,1.78,2.1,Bet365,//www.nowgoal5.com/oddscomp/717862
2013-03-30,Plymouth Argyle,Exeter City,1,0,2.7,3.4,2.5,3.1,3.4,2.45,Bet365,-0.25,1.78,2.1,0.0,2.05,1.8,Bet365,2.5,2.05,1.8,2.5,2.15,1.73,Bet365,//www.nowgoal5.com/oddscomp/717859
2013-03-30,Fleetwood Town,Gillingham,2,2,2.8,3.25,2.5,3.2,3.2,2.5,Bet365,-0.25,1.8,2.05,-0.25,1.7,2.2,Bet365,2.25,1.95,1.9,2.25,1.95,1.9,Bet365,//www.nowgoal5.com/oddscomp/717860
2013-03-30,Bristol Rovers,York City,0,0,1.83,3.5,4.33,2.2,3.3,3.75,Bet365,0.5,1.95,1.9,0.5,2.15,1.73,Bet365,2.5,1.85,2.0,2.5,2.05,1.8,Bet365,//www.nowgoal5.com/oddscomp/717861
2013-04-01,Dagenham   Redbridge,Bristol Rovers,2,4,2.37,3.3,2.9,2.3,3.5,3.25,Bet365,0.25,1.88,1.98,0.25,2.1,1.78,Bet365,2.5,1.98,1.88,2.5,1.98,1.88,Bet365,//www.nowgoal5.com/oddscomp/717843
2013-04-01,Torquay United,Bradford City,1,3,2.6,3.4,2.6,3.25,3.3,2.4,Bet365,0.25,2.15,1.73,-0.25,1.83,2.03,Bet365,2.5,2.1,1.78,2.25,1.83,2.03,Bet365,//www.nowgoal5.com/oddscomp/717844
2013-04-01,AFC Wimbledon,Barnet,0,1,2.2,3.3,3.3,2.3,3.4,3.4,Bet365,0.25,1.88,1.98,0.25,2.05,1.8,Bet365,2.5,1.98,1.88,2.5,1.98,1.88,Bet365,//www.nowgoal5.com/oddscomp/717845
2013-04-01,Morecambe,Wycombe Wanderers,0,1,2.2,3.3,3.3,2.2,3.5,3.5,Bet365,0.5,2.1,1.78,0.25,1.85,2.0,Bet365,2.5,1.85,2.0,2.5,1.93,1.93,Bet365,//www.nowgoal5.com/oddscomp/717846
2013-04-01,York City,Plymouth Argyle,2,0,2.37,3.4,2.87,2.4,3.3,3.25,Bet365,0.25,2.03,1.83,0.25,2.0,1.85,Bet365,2.25,1.9,1.95,2.25,2.05,1.8,Bet365,//www.nowgoal5.com/oddscomp/717847
2013-04-01,Accrington Stanley,Burton Albion,3,3,2.87,3.4,2.37,3.0,3.3,2.6,Bet365,0.0,1.93,1.93,-0.25,1.78,2.1,Bet365,2.25,1.83,2.03,2.25,1.83,2.03,Bet365,//www.nowgoal5.com/oddscomp/717850
2013-04-01,Cheltenham Town,Northampton Town,1,0,2.2,3.4,3.2,2.1,3.75,3.6,Bet365,0.5,2.1,1.78,0.5,2.03,1.83,Bet365,2.5,1.93,1.93,2.5,1.93,1.93,Bet365,//www.nowgoal5.com/oddscomp/717848
2013-04-01,Aldershot Town,Oxford United,3,2,2.62,3.3,2.62,2.5,3.3,3.1,Bet365,0.0,2.0,1.85,0.25,1.98,1.88,Bet365,2.25,1.85,2.0,2.25,1.88,1.98,Bet365,//www.nowgoal5.com/oddscomp/717842
2013-04-01,Chesterfield,Port Vale,2,2,2.75,3.3,2.5,2.7,3.4,2.8,Bet365,-0.25,1.8,2.05,0.0,1.85,2.0,Bet365,2.25,1.83,2.03,2.25,1.9,1.95,Bet365,//www.nowgoal5.com/oddscomp/717841
2013-04-01,Exeter City,Rochdale,1,2,1.85,3.6,4.0,2.15,3.6,3.5,Bet365,0.5,1.98,1.88,0.5,2.1,1.78,Bet365,2.75,2.05,1.8,2.75,2.0,1.85,Bet365,//www.nowgoal5.com/oddscomp/717849
2013-04-01,Southend United,Fleetwood Town,1,1,2.2,3.4,3.2,2.15,3.5,3.6,Bet365,0.25,2.03,1.83,0.25,1.78,2.1,Bet365,2.5,2.03,1.83,2.5,1.88,1.98,Bet365,//www.nowgoal5.com/oddscomp/717839
2013-04-01,Gillingham,Rotherham United,1,0,2.0,3.6,3.5,2.4,3.4,3.2,Bet365,0.5,2.0,1.85,0.25,2.1,1.78,Bet365,2.5,1.93,1.93,2.5,1.98,1.88,Bet365,//www.nowgoal5.com/oddscomp/717840
2013-04-05,Port Vale,Burton Albion,7,1,2.0,3.4,3.75,2.15,3.6,3.6,Bet365,0.5,1.95,1.9,0.25,1.85,2.0,Bet365,2.5,1.93,1.93,2.5,1.85,2.0,Bet365,//www.nowgoal5.com/oddscomp/717827
2013-04-06,Morecambe,Rotherham United,2,1,3.2,3.4,2.2,3.75,3.4,2.15,Bet365,-0.25,1.88,1.98,-0.25,2.1,1.78,Bet365,2.5,1.9,1.95,2.5,2.03,1.83,Bet365,//www.nowgoal5.com/oddscomp/717838
2013-04-06,Bradford City,Northampton Town,1,0,2.3,3.4,3.0,1.95,3.6,4.33,Bet365,0.25,1.78,2.1,0.5,1.88,1.98,Bet365,2.25,2.1,1.78,2.25,1.73,2.15,Bet365,//www.nowgoal5.com/oddscomp/717836
2013-04-06,Oxford United,Wycombe Wanderers,0,1,2.0,3.4,3.75,2.3,3.4,3.4,Bet365,0.25,1.83,2.03,0.25,1.9,1.95,Bet365,2.5,1.98,1.88,2.5,2.05,1.8,Bet365,//www.nowgoal5.com/oddscomp/717835
2013-04-06,Fleetwood Town,Rochdale,0,3,2.0,3.4,3.75,2.25,3.5,3.4,Bet365,0.5,2.03,1.83,0.25,1.85,2.0,Bet365,2.5,1.83,2.03,2.5,1.95,1.9,Bet365,//www.nowgoal5.com/oddscomp/717834
2013-04-06,Exeter City,Dagenham   Redbridge,0,1,1.9,3.5,4.0,1.95,3.6,4.2,Bet365,0.5,2.0,1.85,0.5,1.83,2.03,Bet365,2.5,1.98,1.88,2.5,1.93,1.93,Bet365,//www.nowgoal5.com/oddscomp/717833
2013-04-06,Bristol Rovers,AFC Wimbledon,1,0,2.1,3.5,3.3,2.2,3.5,3.5,Bet365,0.5,2.1,1.78,0.25,2.0,1.85,Bet365,2.5,1.85,2.0,2.5,1.7,2.2,Bet365,//www.nowgoal5.com/oddscomp/717832
2013-04-06,Barnet,Chesterfield,0,2,2.5,3.4,2.7,2.7,3.3,2.87,Bet365,0.0,1.8,2.05,0.0,1.9,1.95,Bet365,2.25,2.05,1.8,2.25,2.05,1.8,Bet365,//www.nowgoal5.com/oddscomp/717831
2013-04-06,York City,Accrington Stanley,1,1,2.37,3.4,2.87,2.37,3.3,3.3,Bet365,0.25,1.83,2.03,0.25,1.83,2.03,Bet365,2.25,1.88,1.98,2.25,1.88,1.98,Bet365,//www.nowgoal5.com/oddscomp/717830
2013-04-06,Plymouth Argyle,Cheltenham Town,2,0,2.6,3.25,2.7,2.9,3.3,2.62,Bet365,0.0,1.93,1.93,0.0,2.13,1.75,Bet365,2.25,1.9,1.95,2.25,1.9,1.95,Bet365,//www.nowgoal5.com/oddscomp/717829
2013-04-06,Gillingham,Torquay United,1,0,1.8,3.5,4.5,1.57,4.2,6.5,Bet365,0.75,2.05,1.8,1.0,1.95,1.9,Bet365,2.25,1.9,1.95,2.25,1.7,2.2,Bet365,//www.nowgoal5.com/oddscomp/717828
2013-04-09,Rotherham United,Exeter City,4,1,2.0,3.6,4.0,2.05,3.6,3.8,Bet365,0.25,1.78,2.1,0.25,1.8,2.05,Bet365,2.5,1.8,2.05,2.5,1.88,1.98,Bet365,//www.nowgoal5.com/oddscomp/717868
2013-04-09,Burton Albion,Wycombe Wanderers,2,0,1.9,3.4,4.0,2.2,3.6,3.4,Bet365,0.5,1.98,1.88,0.25,1.88,1.98,Bet365,2.5,1.8,2.05,2.5,1.8,2.05,Bet365,//www.nowgoal5.com/oddscomp/717866
2013-04-09,Port Vale,Aldershot Town,1,1,1.72,3.8,5.5,1.72,3.9,5.25,Bet365,0.75,1.98,1.88,0.75,2.03,1.83,Bet365,2.5,1.83,2.03,2.5,1.95,1.9,Bet365,//www.nowgoal5.com/oddscomp/717863
2013-04-09,Bradford City,Bristol Rovers,4,1,1.83,3.5,4.2,1.9,3.75,4.33,Bet365,0.5,1.83,2.03,0.5,1.83,2.03,Bet365,2.5,1.88,1.98,2.5,1.93,1.93,Bet365,//www.nowgoal5.com/oddscomp/717864
2013-04-10,Rochdale,Southend United,4,2,2.5,3.4,2.7,2.25,3.5,3.4,Bet365,0.0,1.88,1.98,0.25,1.88,1.98,Bet365,2.5,1.88,1.98,2.75,1.98,1.88,Bet365,//www.nowgoal5.com/oddscomp/717873
2013-04-12,Accrington Stanley,Morecambe,2,0,2.2,3.3,3.3,2.55,3.5,2.87,Bet365,0.5,2.1,1.78,0.0,1.8,2.05,Bet365,2.5,1.93,1.93,2.5,2.0,1.85,Bet365,//www.nowgoal5.com/oddscomp/717818
2013-04-13,Cheltenham Town,Gillingham,1,0,2.5,3.3,2.8,2.62,3.4,2.87,Bet365,0.0,1.78,2.1,0.0,1.88,1.98,Bet365,2.25,1.93,1.93,2.25,1.9,1.95,Bet365,//www.nowgoal5.com/oddscomp/717824
2013-04-13,Northampton Town,York City,0,2,1.72,3.5,5.0,1.9,3.7,4.33,Bet365,0.75,1.95,1.9,0.5,1.83,2.03,Bet365,2.5,2.03,1.83,2.5,2.05,1.8,Bet365,//www.nowgoal5.com/oddscomp/717826
2013-04-13,Southend United,Bristol Rovers,0,0,2.3,3.3,3.1,2.2,3.5,3.5,Bet365,0.25,1.83,2.03,0.25,1.9,1.95,Bet365,2.5,1.95,1.9,2.5,1.83,2.03,Bet365,//www.nowgoal5.com/oddscomp/717815
2013-04-13,Burton Albion,Plymouth Argyle,1,0,1.83,3.6,4.2,1.83,3.75,4.5,Bet365,0.75,2.05,1.8,0.5,1.85,2.0,Bet365,2.5,1.9,1.95,2.5,1.9,1.95,Bet365,//www.nowgoal5.com/oddscomp/717817
2013-04-13,Wycombe Wanderers,Aldershot Town,2,1,2.1,3.3,3.5,2.7,3.3,2.87,Bet365,0.25,1.95,1.9,0.0,1.98,1.88,Bet365,2.25,1.9,1.95,2.25,2.0,1.85,Bet365,//www.nowgoal5.com/oddscomp/717825
2013-04-13,Rochdale,Port Vale,2,2,3.0,3.4,2.3,2.7,3.5,2.7,Bet365,-0.25,1.95,1.9,0.0,2.1,1.78,Bet365,2.5,1.88,1.98,2.5,1.83,2.03,Bet365,//www.nowgoal5.com/oddscomp/717822
2013-04-13,AFC Wimbledon,Exeter City,2,2,2.62,3.3,2.62,2.5,3.6,2.9,Bet365,0.0,2.05,1.8,0.0,1.7,2.2,Bet365,2.5,1.88,1.98,2.5,2.15,1.73,Bet365,//www.nowgoal5.com/oddscomp/717816
2013-04-13,Rotherham United,Fleetwood Town,2,1,2.0,3.4,3.75,1.8,4.0,4.5,Bet365,0.5,2.03,1.83,0.5,1.73,2.15,Bet365,2.5,1.95,1.9,2.5,1.8,2.05,Bet365,//www.nowgoal5.com/oddscomp/717820
2013-04-13,Dagenham   Redbridge,Oxford United,0,1,2.3,3.4,3.0,2.6,3.4,2.9,Bet365,0.25,1.88,1.98,0.0,1.8,2.05,Bet365,2.5,1.95,1.9,2.5,2.1,1.78,Bet365,//www.nowgoal5.com/oddscomp/717819
2013-04-13,Chesterfield,Bradford City,2,2,2.3,3.4,3.0,2.87,3.4,2.6,Bet365,0.25,2.05,1.8,0.0,2.03,1.83,Bet365,2.25,1.83,2.03,2.25,1.8,2.05,Bet365,//www.nowgoal5.com/oddscomp/717821
2013-04-16,Aldershot Town,Southend United,0,2,2.2,3.4,3.2,2.15,3.5,3.6,Bet365,0.25,1.98,1.88,0.25,1.8,2.05,Bet365,2.25,1.8,2.05,2.25,1.95,1.9,Bet365,//www.nowgoal5.com/oddscomp/717837
2013-04-16,Bradford City,Rotherham United,0,2,2.37,3.4,2.87,2.25,3.5,3.4,Bet365,0.25,1.85,2.0,0.25,1.98,1.88,Bet365,2.5,1.93,1.93,2.5,1.88,1.98,Bet365,//www.nowgoal5.com/oddscomp/717946
2013-04-16,Wycombe Wanderers,Northampton Town,0,0,2.87,3.4,2.37,2.9,3.5,2.55,Bet365,0.0,1.93,1.93,0.0,2.13,1.75,Bet365,2.25,1.93,1.93,2.25,1.85,2.0,Bet365,//www.nowgoal5.com/oddscomp/717881
2013-04-16,Chesterfield,Plymouth Argyle,1,2,1.83,3.5,4.33,1.9,3.7,4.33,Bet365,0.5,1.93,1.93,0.5,1.78,2.1,Bet365,2.25,1.78,2.1,2.25,1.88,1.98,Bet365,//www.nowgoal5.com/oddscomp/717867
2013-04-16,Torquay United,Barnet,3,2,2.37,3.3,3.3,2.25,3.5,3.4,Bet365,0.25,2.03,1.83,0.25,1.9,1.95,Bet365,2.5,2.05,1.8,2.25,1.98,1.88,Bet365,//www.nowgoal5.com/oddscomp/717823
2013-04-20,Barnet,Wycombe Wanderers,1,0,2.2,3.4,3.2,2.05,3.5,4.0,Bet365,0.25,1.78,2.1,0.5,1.88,1.98,Bet365,2.5,2.1,1.78,2.5,2.15,1.73,Bet365,//www.nowgoal5.com/oddscomp/717809
2013-04-20,Aldershot Town,Dagenham   Redbridge,1,0,2.2,3.3,3.3,2.2,3.4,3.6,Bet365,0.25,1.78,2.1,0.25,1.85,2.0,Bet365,2.5,2.1,1.78,2.25,1.95,1.9,Bet365,//www.nowgoal5.com/oddscomp/717807
2013-04-20,Exeter City,Cheltenham Town,0,1,2.5,3.4,2.7,2.6,3.5,2.8,Bet365,0.0,1.83,2.03,0.0,1.85,2.0,Bet365,2.5,2.03,1.83,2.5,1.95,1.9,Bet365,//www.nowgoal5.com/oddscomp/717806
2013-04-20,Plymouth Argyle,Rotherham United,0,1,2.8,3.25,2.5,3.8,3.3,2.2,Bet365,-0.25,1.88,1.98,-0.25,2.05,1.8,Bet365,2.5,2.1,1.78,2.5,2.15,1.73,Bet365,//www.nowgoal5.com/oddscomp/717805
2013-04-20,York City,Southend United,2,1,2.1,3.4,3.4,2.25,3.4,3.5,Bet365,0.5,2.15,1.73,0.25,1.83,2.03,Bet365,2.5,2.1,1.78,2.5,2.1,1.78,Bet365,//www.nowgoal5.com/oddscomp/717804
2013-04-20,Bradford City,Burton Albion,1,0,2.0,3.4,3.75,1.85,3.7,4.75,Bet365,0.5,2.0,1.85,0.5,1.78,2.1,Bet365,2.5,2.1,1.78,2.5,1.88,1.98,Bet365,//www.nowgoal5.com/oddscomp/717808
2013-04-20,Gillingham,AFC Wimbledon,2,2,1.66,3.8,5.0,1.8,3.8,4.75,Bet365,1.0,2.1,1.78,0.75,2.05,1.8,Bet365,2.5,1.93,1.93,2.5,1.95,1.9,Bet365,//www.nowgoal5.com/oddscomp/717814
2013-04-20,Fleetwood Town,Chesterfield,1,3,2.6,3.4,2.6,2.75,3.4,2.7,Bet365,0.0,1.88,1.98,0.0,1.93,1.93,Bet365,2.25,1.88,1.98,2.25,1.85,2.0,Bet365,//www.nowgoal5.com/oddscomp/717813
2013-04-20,Bristol Rovers,Accrington Stanley,0,1,2.2,3.4,3.2,2.3,3.5,3.3,Bet365,0.25,1.83,2.03,0.25,2.05,1.8,Bet365,2.5,2.0,1.85,2.5,1.93,1.93,Bet365,//www.nowgoal5.com/oddscomp/717812
2013-04-20,Oxford United,Rochdale,3,0,2.37,3.4,2.87,2.5,3.6,2.87,Bet365,0.25,2.0,1.85,0.0,1.75,2.13,Bet365,2.5,1.88,1.98,2.5,1.85,2.0,Bet365,//www.nowgoal5.com/oddscomp/717811
2013-04-20,Port Vale,Northampton Town,2,2,1.9,3.5,4.0,1.8,3.75,5.0,Bet365,0.5,1.93,1.93,0.5,1.75,2.13,Bet365,2.5,1.93,1.93,2.5,1.8,2.05,Bet365,//www.nowgoal5.com/oddscomp/717810
2013-04-20,Morecambe,Torquay United,0,2,2.5,3.4,2.7,2.5,3.5,2.9,Bet365,0.25,2.03,1.83,0.25,2.25,1.68,Bet365,2.25,1.88,1.98,2.5,1.9,1.95,Bet365,//www.nowgoal5.com/oddscomp/717803
2013-04-27,Burton Albion,Gillingham,3,2,2.37,3.4,2.87,2.3,3.5,3.3,Bet365,0.25,2.13,1.75,0.25,1.95,1.9,Bet365,2.5,2.15,1.73,2.5,1.98,1.88,Bet365,//www.nowgoal5.com/oddscomp/717802
2013-04-27,Rochdale,Plymouth Argyle,1,0,2.62,3.2,2.7,2.37,3.4,3.25,Bet365,0.0,1.95,1.9,0.25,1.98,1.88,Bet365,2.5,2.2,1.7,2.5,2.05,1.8,Bet365,//www.nowgoal5.com/oddscomp/717801
2013-04-27,Torquay United,Bristol Rovers,3,3,2.0,3.4,3.75,2.2,3.5,3.5,Bet365,0.5,1.83,2.03,0.5,2.25,1.68,Bet365,2.5,2.05,1.8,2.5,2.0,1.85,Bet365,//www.nowgoal5.com/oddscomp/717800
2013-04-27,Northampton Town,Barnet,2,0,2.25,3.5,3.0,2.5,3.4,3.0,Bet365,0.25,2.2,1.7,0.0,1.78,2.1,Bet365,2.25,2.03,1.83,2.25,1.9,1.95,Bet365,//www.nowgoal5.com/oddscomp/717799
2013-04-27,Accrington Stanley,Oxford United,0,3,2.37,3.4,2.87,2.75,3.5,2.7,Bet365,0.25,2.05,1.8,0.0,1.95,1.9,Bet365,2.5,2.15,1.73,2.5,1.93,1.93,Bet365,//www.nowgoal5.com/oddscomp/717798
2013-04-27,Chesterfield,Exeter City,4,0,2.1,3.4,3.4,2.0,3.6,4.0,Bet365,0.25,1.8,2.05,0.25,1.63,2.35,Bet365,2.25,1.9,1.95,2.25,1.58,2.45,Bet365,//www.nowgoal5.com/oddscomp/717797
2013-04-27,Cheltenham Town,Bradford City,0,0,1.83,3.6,4.2,2.1,3.5,3.75,Bet365,0.75,2.2,1.7,0.5,2.13,1.75,Bet365,2.5,2.2,1.7,2.5,2.0,1.85,Bet365,//www.nowgoal5.com/oddscomp/717796
2013-04-27,Rotherham United,Aldershot Town,2,0,1.5,4.33,6.0,1.45,5.0,7.5,Bet365,1.25,2.03,1.83,1.25,2.13,1.75,Bet365,2.75,1.9,1.95,2.75,2.03,1.83,Bet365,//www.nowgoal5.com/oddscomp/717794
2013-04-27,Southend United,Morecambe,0,1,2.1,3.4,3.4,1.9,3.6,4.5,Bet365,0.5,2.03,1.83,0.5,1.83,2.03,Bet365,2.5,2.15,1.73,2.5,1.83,2.03,Bet365,//www.nowgoal5.com/oddscomp/717793
2013-04-27,Dagenham   Redbridge,York City,0,1,2.37,3.4,2.87,2.7,3.1,3.0,Bet365,0.25,2.1,1.78,0.25,2.25,1.68,Bet365,2.25,2.0,1.85,2.25,2.05,1.8,Bet365,//www.nowgoal5.com/oddscomp/717792
2013-04-27,Wycombe Wanderers,Port Vale,1,1,2.6,3.4,2.6,3.2,3.4,2.4,Bet365,0.0,2.05,1.8,-0.25,1.9,1.95,Bet365,2.5,2.05,1.8,2.5,2.0,1.85,Bet365,//www.nowgoal5.com/oddscomp/717791
2013-04-27,AFC Wimbledon,Fleetwood Town,2,1,2.0,3.6,3.5,1.66,4.2,5.25,Bet365,0.75,1.9,1.95,0.75,1.78,2.1,Bet365,2.5,1.95,1.9,2.5,1.8,2.05,Bet365,//www.nowgoal5.com/oddscomp/717795
